CREATE DATABASE  IF NOT EXISTS `liq` /*!40100 DEFAULT CHARACTER SET utf8 COLLATE utf8_unicode_ci */;
USE `liq`;
-- MySQL dump 10.13  Distrib 5.5.34, for debian-linux-gnu (x86_64)
--
-- Host: localhost    Database: liq
-- ------------------------------------------------------
-- Server version 5.5.34-0ubuntu0.13.04.1

/*!40101 SET @OLD_CHARACTER_SET_CLIENT=@@CHARACTER_SET_CLIENT */;
/*!40101 SET @OLD_CHARACTER_SET_RESULTS=@@CHARACTER_SET_RESULTS */;
/*!40101 SET @OLD_COLLATION_CONNECTION=@@COLLATION_CONNECTION */;
/*!40101 SET NAMES utf8 */;
/*!40103 SET @OLD_TIME_ZONE=@@TIME_ZONE */;
/*!40103 SET TIME_ZONE='+00:00' */;
/*!40014 SET @OLD_UNIQUE_CHECKS=@@UNIQUE_CHECKS, UNIQUE_CHECKS=0 */;
/*!40014 SET @OLD_FOREIGN_KEY_CHECKS=@@FOREIGN_KEY_CHECKS, FOREIGN_KEY_CHECKS=0 */;
/*!40101 SET @OLD_SQL_MODE=@@SQL_MODE, SQL_MODE='NO_AUTO_VALUE_ON_ZERO' */;
/*!40111 SET @OLD_SQL_NOTES=@@SQL_NOTES, SQL_NOTES=0 */;

--
-- Table structure for table `schema_migrations`
--

DROP TABLE IF EXISTS `schema_migrations`;
/*!40101 SET @saved_cs_client     = @@character_set_client */;
/*!40101 SET character_set_client = utf8 */;
CREATE TABLE `schema_migrations` (
  `version` varchar(255) COLLATE utf8_unicode_ci NOT NULL,
  UNIQUE KEY `unique_schema_migrations` (`version`)
) ENGINE=InnoDB DEFAULT CHARSET=utf8 COLLATE=utf8_unicode_ci;
/*!40101 SET character_set_client = @saved_cs_client */;

--
-- Dumping data for table `schema_migrations`
--

LOCK TABLES `schema_migrations` WRITE;
/*!40000 ALTER TABLE `schema_migrations` DISABLE KEYS */;
INSERT INTO `schema_migrations` VALUES ('20140613120904'),('20140617123810'),('20140623135634'),('20140623140926'),('20140623164132'),('20140624115831'),('20140624115923'),('20140624120709'),('20140624121136'),('20140624131007'),('20140624142134'),('20140624142712'),('20140625122934'),('20140626115208'),('20140626120256'),('20140626142531'),('20140626154217'),('20140701140409'),('20140701143145'),('20140702122837');
/*!40000 ALTER TABLE `schema_migrations` ENABLE KEYS */;
UNLOCK TABLES;

--
-- Table structure for table `liquidacions`
--

DROP TABLE IF EXISTS `liquidacions`;
/*!40101 SET @saved_cs_client     = @@character_set_client */;
/*!40101 SET character_set_client = utf8 */;
CREATE TABLE `liquidacions` (
  `id` int(11) NOT NULL AUTO_INCREMENT,
  `fecha` date DEFAULT NULL,
  `tipo_liquidacion` varchar(255) COLLATE utf8_unicode_ci DEFAULT NULL,
  `dias_trabajados` int(11) DEFAULT NULL,
  `agente_cargo_id` int(11) DEFAULT NULL,
  `created_at` datetime NOT NULL,
  `updated_at` datetime NOT NULL,
  PRIMARY KEY (`id`)
) ENGINE=InnoDB AUTO_INCREMENT=8 DEFAULT CHARSET=utf8 COLLATE=utf8_unicode_ci;
/*!40101 SET character_set_client = @saved_cs_client */;

--
-- Dumping data for table `liquidacions`
--

LOCK TABLES `liquidacions` WRITE;
/*!40000 ALTER TABLE `liquidacions` DISABLE KEYS */;
INSERT INTO `liquidacions` VALUES (6,'2014-07-02','COMPLEMENTARIA',30,2,'2014-07-03 12:59:21','2014-07-07 11:54:34'),(7,'2014-07-03','COMPLEMENTARIA',20,1,'2014-07-07 13:01:10','2014-07-07 13:01:10');
/*!40000 ALTER TABLE `liquidacions` ENABLE KEYS */;
UNLOCK TABLES;

--
-- Table structure for table `localidads`
--

DROP TABLE IF EXISTS `localidads`;
/*!40101 SET @saved_cs_client     = @@character_set_client */;
/*!40101 SET character_set_client = utf8 */;
CREATE TABLE `localidads` (
  `id` int(11) NOT NULL AUTO_INCREMENT,
  `nombre` varchar(255) COLLATE utf8_unicode_ci DEFAULT NULL,
  `region` varchar(255) COLLATE utf8_unicode_ci DEFAULT NULL,
  `created_at` datetime NOT NULL,
  `updated_at` datetime NOT NULL,
  PRIMARY KEY (`id`)
) ENGINE=InnoDB AUTO_INCREMENT=108 DEFAULT CHARSET=utf8 COLLATE=utf8_unicode_ci;
/*!40101 SET character_set_client = @saved_cs_client */;

--
-- Dumping data for table `localidads`
--

LOCK TABLES `localidads` WRITE;
/*!40000 ALTER TABLE `localidads` DISABLE KEYS */;
INSERT INTO `localidads` VALUES (1,'','0','2014-07-01 09:09:43','2014-07-01 09:09:58'),(2,'','0','2014-07-01 09:09:43','2014-07-01 09:09:58'),(3,'28 DE JULIO','IV','2014-07-01 09:09:43','2014-07-01 09:09:58'),(4,'ALDEA APELEG','V','2014-07-01 09:09:43','2014-07-01 09:09:58'),(5,'ALDEA BELEIRO','V','2014-07-01 09:09:43','2014-07-01 09:09:58'),(6,'ALTO RIO SENGUER','V','2014-07-01 09:09:43','2014-07-01 09:09:58'),(7,'ASTRA','VI','2014-07-01 09:09:43','2014-07-01 09:09:58'),(8,'BAHIA BUSTAMANTE','IV','2014-07-01 09:09:43','2014-07-01 09:09:58'),(9,'BARRANCAS','III','2014-07-01 09:09:43','2014-07-01 09:09:58'),(10,'BETHESDA','IV','2014-07-01 09:09:43','2014-07-01 09:09:58'),(11,'BLANCUNTRE','IV','2014-07-01 09:09:43','2014-07-01 09:09:58'),(12,'BOCA ZANJA NORTE','IV','2014-07-01 09:09:43','2014-07-01 09:09:58'),(13,'BRYN GWYN','IV','2014-07-01 09:09:43','2014-07-01 09:09:58'),(14,'BS.AS. CHICO','I','2014-07-01 09:09:43','2014-07-01 09:09:58'),(15,'BUEN PASTO','V','2014-07-01 09:09:43','2014-07-01 09:09:58'),(16,'CALETA CORDOVA','VI','2014-07-01 09:09:43','2014-07-01 09:09:58'),(17,'CAMARONES','IV','2014-07-01 09:09:43','2014-07-01 09:09:58'),(18,'CARRENLEUFU','III','2014-07-01 09:09:43','2014-07-01 09:09:58'),(19,'COMODORO RIVADAVIA','VI','2014-07-01 09:09:43','2014-07-01 09:09:58'),(20,'CERRO CENTINELA','III','2014-07-01 09:09:43','2014-07-01 09:09:58'),(21,'CERRO CONDOR','IV','2014-07-01 09:09:43','2014-07-01 09:09:58'),(22,'CERRO RADAL','I','2014-07-01 09:09:43','2014-07-01 09:09:58'),(23,'CHACAY OESTE','IV','2014-07-01 09:09:43','2014-07-01 09:09:58'),(24,'CHACRAS DE  SARMIENTO','V','2014-07-01 09:09:43','2014-07-01 09:09:58'),(25,'CHOLILA','I','2014-07-01 09:09:43','2014-07-01 09:09:58'),(26,'COLAN CONHUE','III','2014-07-01 09:09:43','2014-07-01 09:09:58'),(27,'COLONIA CUSHAMEN','I','2014-07-01 09:09:43','2014-07-01 09:09:58'),(28,'CORCOVADO','III','2014-07-01 09:09:43','2014-07-01 09:09:58'),(29,'CORCOVADO SUR','III','2014-07-01 09:09:43','2014-07-01 09:09:58'),(30,'COSTA DEL CHUBUT','III','2014-07-01 09:09:43','2014-07-01 09:09:58'),(31,'COSTA DEL GUALJAINA','III','2014-07-01 09:09:43','2014-07-01 09:09:58'),(32,'COSTA DEL LEPA','III','2014-07-01 09:09:43','2014-07-01 09:09:58'),(33,'CUSHAMEN','I','2014-07-01 09:09:43','2014-07-01 09:09:58'),(34,'DIADEMA ARGENTINA','VI','2014-07-01 09:09:43','2014-07-01 09:09:58'),(35,'DOLAVON','IV','2014-07-01 09:09:43','2014-07-01 09:09:58'),(36,'DOS LAGUNAS (ALDEA EPULEF)','III','2014-07-01 09:09:43','2014-07-01 09:09:58'),(37,'DR. RICARDO ROJAS','V','2014-07-01 09:09:43','2014-07-01 09:09:58'),(38,'EBENECER','IV','2014-07-01 09:09:43','2014-07-01 09:09:58'),(39,'EL BLANCO','I','2014-07-01 09:09:43','2014-07-01 09:09:58'),(40,'EL CAJON','I','2014-07-01 09:09:43','2014-07-01 09:09:58'),(41,'EL COIHUE','I','2014-07-01 09:09:43','2014-07-01 09:09:58'),(42,'EL ESCORIAL','IV','2014-07-01 09:09:43','2014-07-01 09:09:58'),(43,'EL HOYO','I','2014-07-01 09:09:43','2014-07-01 09:09:58'),(44,'EL MAITEN','I','2014-07-01 09:09:43','2014-07-01 09:09:58'),(45,'EL MIRASOL','IV','2014-07-01 09:09:43','2014-07-01 09:09:58'),(46,'EL PAJARITO','IV','2014-07-01 09:09:43','2014-07-01 09:09:58'),(47,'EL RIACHO','IV','2014-07-01 09:09:43','2014-07-01 09:09:58'),(48,'EL RINCON','I','2014-07-01 09:09:43','2014-07-01 09:09:58'),(49,'EL TURBIO','I','2014-07-01 09:09:43','2014-07-01 09:09:58'),(50,'EPUYEN','I','2014-07-01 09:09:43','2014-07-01 09:09:58'),(51,'ESQUEL','III','2014-07-01 09:09:43','2014-07-01 09:09:58'),(52,'FACUNDO','V','2014-07-01 09:09:43','2014-07-01 09:09:58'),(53,'FLORENTINO AMEGHINO','IV','2014-07-01 09:09:43','2014-07-01 09:09:58'),(54,'FOFO CAHUEL','I','2014-07-01 09:09:43','2014-07-01 09:09:58'),(55,'FRONT. RIO PICO','III','2014-07-01 09:09:43','2014-07-01 09:09:58'),(56,'GAIMAN','IV','2014-07-01 09:09:43','2014-07-01 09:09:58'),(57,'GAN GAN','IV','2014-07-01 09:09:43','2014-07-01 09:09:58'),(58,'GASTRE','IV','2014-07-01 09:09:43','2014-07-01 09:09:58'),(59,'GOB. COSTA','III','2014-07-01 09:09:43','2014-07-01 09:09:58'),(60,'GRAL MOSCONI - C.RIV.','VI','2014-07-01 09:09:43','2014-07-01 09:09:58'),(61,'GUALJAINA','III','2014-07-01 09:09:43','2014-07-01 09:09:58'),(62,'J.DE SAN MARTIN','III','2014-07-01 09:09:43','2014-07-01 09:09:58'),(63,'LA ANGOSTURA','IV','2014-07-01 09:09:43','2014-07-01 09:09:58'),(64,'LAGO BLANCO','V','2014-07-01 09:09:43','2014-07-01 09:09:58'),(65,'LAGO N§ 3','III','2014-07-01 09:09:43','2014-07-01 09:09:58'),(66,'LAGO PUELO','I','2014-07-01 09:09:43','2014-07-01 09:09:58'),(67,'LAGO RIVADAVIA','I','2014-07-01 09:09:43','2014-07-01 09:09:58'),(68,'LAGO ROSARIO','III','2014-07-01 09:09:43','2014-07-01 09:09:58'),(69,'LAGUNA DE VACA','IV','2014-07-01 09:09:43','2014-07-01 09:09:58'),(70,'LAGUNITA SALADA','IV','2014-07-01 09:09:43','2014-07-01 09:09:58'),(71,'LAS GOLONDRINAS','I','2014-07-01 09:09:43','2014-07-01 09:09:58'),(72,'LAS PLUMAS','IV','2014-07-01 09:09:43','2014-07-01 09:09:58'),(73,'LELEQUE','I','2014-07-01 09:09:43','2014-07-01 09:09:58'),(74,'LOS ALTARES','IV','2014-07-01 09:09:43','2014-07-01 09:09:58'),(75,'LOS CIPRESES','III','2014-07-01 09:09:43','2014-07-01 09:09:58'),(76,'LOS RAPIDOS','III','2014-07-01 09:09:43','2014-07-01 09:09:58'),(77,'MINA ANGELA','IV','2014-07-01 09:09:43','2014-07-01 09:09:58'),(78,'MINAPARANA','IV','2014-07-01 09:09:43','2014-07-01 09:09:58'),(79,'NAHUEL PAN','III','2014-07-01 09:09:43','2014-07-01 09:09:58'),(80,'PASO DE INDIOS','IV','2014-07-01 09:09:43','2014-07-01 09:09:58'),(81,'PASO DEL SAPO','III','2014-07-01 09:09:43','2014-07-01 09:09:58'),(82,'PIEDRA GRANDE','IV','2014-07-01 09:09:43','2014-07-01 09:09:58'),(83,'PIEDRA PARADA','III','2014-07-01 09:09:43','2014-07-01 09:09:58'),(84,'PIO PIO','V','2014-07-01 09:09:43','2014-07-01 09:09:58'),(85,'PTO. MADRYN','II','2014-07-01 09:09:43','2014-07-01 09:09:58'),(86,'PUERTO PIRAMIDE','II','2014-07-01 09:09:43','2014-07-01 09:09:58'),(87,'RADA TILLY','VI','2014-07-01 09:09:43','2014-07-01 09:09:58'),(88,'RANQUILHUAO','I','2014-07-01 09:09:43','2014-07-01 09:09:58'),(89,'RAWSON','IV','2014-07-01 09:09:43','2014-07-01 09:09:58'),(90,'RIO CORINTOS','III','2014-07-01 09:09:43','2014-07-01 09:09:58'),(91,'RIO MAYO','V','2014-07-01 09:09:43','2014-07-01 09:09:58'),(92,'RIO PERCY','III','2014-07-01 09:09:43','2014-07-01 09:09:58'),(93,'RIO PICO','III','2014-07-01 09:09:43','2014-07-01 09:09:58'),(94,'SARMIENTO','V','2014-07-01 09:09:43','2014-07-01 09:09:58'),(95,'SENGUER','V','2014-07-01 09:09:43','2014-07-01 09:09:58'),(96,'SEPAUCAL','IV','2014-07-01 09:09:43','2014-07-01 09:09:58'),(97,'SIERRA COLORADA','III','2014-07-01 09:09:43','2014-07-01 09:09:58'),(98,'TECKA','III','2014-07-01 09:09:43','2014-07-01 09:09:58'),(99,'TELSEN','IV','2014-07-01 09:09:43','2014-07-01 09:09:58'),(100,'TIERRA SALADA','IV','2014-07-01 09:09:43','2014-07-01 09:09:58'),(101,'TRELEW','IV','2014-07-01 09:09:43','2014-07-01 09:09:58'),(102,'TREORCKY','IV','2014-07-01 09:09:43','2014-07-01 09:09:58'),(103,'TREVELIN','III','2014-07-01 09:09:43','2014-07-01 09:09:58'),(104,'VILLA FUTALAUFQUEN','III','2014-07-01 09:09:43','2014-07-01 09:09:58'),(105,'YALA LAUBAT','IV','2014-07-01 09:09:43','2014-07-01 09:09:58'),(106,'ÑORQUINCO SUR','I','2014-07-01 09:09:43','2014-07-01 09:09:58'),(107,'PLAYA UNION','IV','2014-07-01 09:09:43','2014-07-01 09:09:58');
/*!40000 ALTER TABLE `localidads` ENABLE KEYS */;
UNLOCK TABLES;

--
-- Table structure for table `concepto_liquidacions`
--

DROP TABLE IF EXISTS `concepto_liquidacions`;
/*!40101 SET @saved_cs_client     = @@character_set_client */;
/*!40101 SET character_set_client = utf8 */;
CREATE TABLE `concepto_liquidacions` (
  `id` int(11) NOT NULL AUTO_INCREMENT,
  `liquidacion_id` int(11) DEFAULT NULL,
  `concepto_id` int(11) DEFAULT NULL,
  `formula_calculo` varchar(255) COLLATE utf8_unicode_ci DEFAULT NULL,
  `calculo` varchar(255) COLLATE utf8_unicode_ci DEFAULT NULL,
  `valor_calculado` float DEFAULT NULL,
  `created_at` datetime NOT NULL,
  `updated_at` datetime NOT NULL,
  PRIMARY KEY (`id`)
) ENGINE=InnoDB AUTO_INCREMENT=59 DEFAULT CHARSET=utf8 COLLATE=utf8_unicode_ci;
/*!40101 SET character_set_client = @saved_cs_client */;

--
-- Dumping data for table `concepto_liquidacions`
--

LOCK TABLES `concepto_liquidacions` WRITE;
/*!40000 ALTER TABLE `concepto_liquidacions` DISABLE KEYS */;
INSERT INTO `concepto_liquidacions` VALUES (49,6,49,'formula completa','formula solo con numeros',764.95,'2014-07-07 13:00:35','2014-07-07 13:00:35'),(50,6,69,'formula completa','formula solo con numeros',-765.12,'2014-07-07 13:00:35','2014-07-07 13:00:35'),(51,6,70,'formula completa','formula solo con numeros',-218.6,'2014-07-07 13:00:35','2014-07-07 13:00:35'),(52,6,151,'formula completa','formula solo con numeros',-0.39,'2014-07-07 13:00:35','2014-07-07 13:00:35'),(53,6,234,'formula completa','formula solo con numeros',4700.16,'2014-07-07 13:00:35','2014-07-07 13:00:35'),(54,6,238,'formula completa','formula solo con numeros',1300,'2014-07-07 13:00:35','2014-07-07 13:00:35'),(55,6,244,'formula completa','formula solo con numeros',-10,'2014-07-07 13:00:35','2014-07-07 13:00:35'),(56,7,35,'formula completa','formula solo con numeros',NULL,'2014-07-07 13:01:10','2014-07-07 13:01:10'),(57,7,37,'formula completa','formula solo con numeros',NULL,'2014-07-07 13:01:10','2014-07-07 13:01:10'),(58,7,38,'formula completa','formula solo con numeros',NULL,'2014-07-07 13:01:10','2014-07-07 13:01:10');
/*!40000 ALTER TABLE `concepto_liquidacions` ENABLE KEYS */;
UNLOCK TABLES;

--
-- Table structure for table `establecimientos`
--

DROP TABLE IF EXISTS `establecimientos`;
/*!40101 SET @saved_cs_client     = @@character_set_client */;
/*!40101 SET character_set_client = utf8 */;
CREATE TABLE `establecimientos` (
  `id` int(11) NOT NULL AUTO_INCREMENT,
  `numero` int(11) DEFAULT NULL,
  `nombre` varchar(255) COLLATE utf8_unicode_ci DEFAULT NULL,
  `direccion` varchar(255) COLLATE utf8_unicode_ci DEFAULT NULL,
  `cue` int(11) DEFAULT NULL,
  `localidad_id` int(11) DEFAULT NULL,
  `created_at` datetime NOT NULL,
  `updated_at` datetime NOT NULL,
  PRIMARY KEY (`id`)
) ENGINE=InnoDB AUTO_INCREMENT=1445 DEFAULT CHARSET=utf8 COLLATE=utf8_unicode_ci;
/*!40101 SET character_set_client = @saved_cs_client */;

--
-- Dumping data for table `establecimientos`
--

LOCK TABLES `establecimientos` WRITE;
/*!40000 ALTER TABLE `establecimientos` DISABLE KEYS */;
INSERT INTO `establecimientos` VALUES (512,1,'PATAGONIA ARGENTINA','9000 - HIPOLITO YRIGOYEN 748',2600398,19,'0000-00-00 00:00:00','0000-00-00 00:00:00'),(513,2,'FRANCISCO PIETROBELLI','9000 - ALEM Y HUERGO',2600006,19,'0000-00-00 00:00:00','0000-00-00 00:00:00'),(514,3,'ALMTE.MARCOS A.ZAR','9100 - CHACRA N° 86 (CHACRAS DE TW)',2600413,101,'0000-00-00 00:00:00','0000-00-00 00:00:00'),(515,4,'ESCUELA N° 1 - GRAL.JOSE DE S.MARTIN','9103 - ALEJANDRO MAIZ 150',2600309,89,'0000-00-00 00:00:00','0000-00-00 00:00:00'),(516,5,'DOMINGO F. SARMIENTO','9100 - 28 DE JULIO 19',2600057,101,'0000-00-00 00:00:00','0000-00-00 00:00:00'),(517,6,'S. DE ALCAZABA Y SOTOMAYOR','9207 - LOS ALTARES',2600251,74,'0000-00-00 00:00:00','0000-00-00 00:00:00'),(518,7,'CLAUSURADA','',0,9,'0000-00-00 00:00:00','0000-00-00 00:00:00'),(519,8,'MANUEL BELGRANO','9200 - PASTEUR 1230',2600363,51,'0000-00-00 00:00:00','0000-00-00 00:00:00'),(520,9,'MARIANO MORENO','9211 - ROSA MOSQUETA S/N',2600124,50,'0000-00-00 00:00:00','0000-00-00 00:00:00'),(521,10,'MARTIN DE GUEMES','9201 - CARRENLEUFU',2600357,18,'0000-00-00 00:00:00','0000-00-00 00:00:00'),(522,11,'PROV. DE ENTRE RIOS (CERRADA)','',2600234,82,'0000-00-00 00:00:00','0000-00-00 00:00:00'),(523,12,'ALMTE. GUILLERMO BROWN','9001 - FRAGATA HERCULES 297',2600340,87,'0000-00-00 00:00:00','0000-00-00 00:00:00'),(524,13,'LIBERTADOR J.DE S.MARTIN','9000 - ARTIGAS 650 B° JOSE FUCHS',2600035,19,'0000-00-00 00:00:00','0000-00-00 00:00:00'),(525,14,'','9020 - PARAJE PIO PIO',2600352,84,'0000-00-00 00:00:00','0000-00-00 00:00:00'),(526,15,'PROV.DE LA PAMPA','9207 - AVDA. STROBER S/N',2600295,80,'0000-00-00 00:00:00','0000-00-00 00:00:00'),(527,16,'JUSTO JOSE DE URQUIZA','9111 - J.J.URQUIZA 425',2600319,17,'0000-00-00 00:00:00','0000-00-00 00:00:00'),(528,17,'PADRE JOSE PAROLINI','9201 - S. MARTIN S/N',2600029,98,'0000-00-00 00:00:00','0000-00-00 00:00:00'),(529,18,'CLAUSURADA','',0,90,'0000-00-00 00:00:00','0000-00-00 00:00:00'),(530,19,'INA LAFKEN ÑECUM','9103 - CENTENARIO 1035 (PLAYA UNION)',2600323,89,'0000-00-00 00:00:00','0000-00-00 00:00:00'),(531,20,'MAESTRO RICARDO J.BERWYN','9103 - AV. 25 DE MAYO 555',2600142,89,'0000-00-00 00:00:00','0000-00-00 00:00:00'),(532,21,'LEWIS JONES','9100 - COLOMBIA Y RIVADAVIA NORTE',2600186,101,'0000-00-00 00:00:00','0000-00-00 00:00:00'),(533,22,'ING.BRUNO THOMAS','9210 - CORDOBA S/N',2600161,44,'0000-00-00 00:00:00','0000-00-00 00:00:00'),(534,23,'DR.CARLOS MADARIAGA','9000 - J.J.PASO 1449 B° P. PALAZZO',2600315,19,'0000-00-00 00:00:00','0000-00-00 00:00:00'),(535,24,'CRNEL. LUIS JORGE FONTANA','9200 - AV. PRESIDENTE PERON  Nø 1251',2600185,51,'0000-00-00 00:00:00','0000-00-00 00:00:00'),(536,25,'DELIA MEDICCI DE CHAYEP','9201 - 1° POBLADORES S/N',2600183,104,'0000-00-00 00:00:00','0000-00-00 00:00:00'),(537,26,'EJERCITO ARGENTINO','9000 - RIVADAVIA N° 2190',2600007,19,'0000-00-00 00:00:00','0000-00-00 00:00:00'),(538,27,'FRAY LUIS BELTRAN','9001 - BOGOTA N° 845 - B° LAPRIDA',2600370,19,'0000-00-00 00:00:00','0000-00-00 00:00:00'),(539,28,'INDEPENDENCIA','9020 - ALBERDI 750',2600280,94,'0000-00-00 00:00:00','0000-00-00 00:00:00'),(540,29,'JUAN MARTIN DE PUEYRREDON','9201 - COSTA DEL GUALJAINA (CUSHAMEN)',2600110,31,'0000-00-00 00:00:00','0000-00-00 00:00:00'),(541,30,'ISLAS MALVINAS','9121 - AV. LLANQUETRUS S/N',2600091,58,'0000-00-00 00:00:00','0000-00-00 00:00:00'),(542,31,'RIFLEROS DEL CHUBUT','9207 - CERRO CONDOR',2600253,21,'0000-00-00 00:00:00','0000-00-00 00:00:00'),(543,32,'REPUBLICA ARGENTINA','9000 - CANADA 2650 - B° PUEYRREDON',2600063,19,'0000-00-00 00:00:00','0000-00-00 00:00:00'),(544,33,'MAESTROS ARGENTINOS','9121 - SAN MARTIN Y 21 DE SEPTIEMBRE',2600133,57,'0000-00-00 00:00:00','0000-00-00 00:00:00'),(545,34,'CIUDAD DE CDRO.RIVADAVIA','9000 - LOS NOGALES Y GRANAD.C.C.103 SUC.2',2600127,19,'0000-00-00 00:00:00','0000-00-00 00:00:00'),(546,35,'PROV. DE CORRIENTES','9223 - AV. JULIO A. ROCA S/N',2600188,59,'0000-00-00 00:00:00','0000-00-00 00:00:00'),(547,36,'MTRO.MANUEL A.REYES AYLLAN','9030 - SARMIENTO N° 767',2600224,91,'0000-00-00 00:00:00','0000-00-00 00:00:00'),(548,37,'PEDRO LUIS SANCHEZ','9203 - AV.SAN MARTIN Y ROGGERO',2600115,103,'0000-00-00 00:00:00','0000-00-00 00:00:00'),(549,38,'POLICIA FED.CUSHAMEN','9211 - AV. DEL LIBERTADOR S/N',2600084,33,'0000-00-00 00:00:00','0000-00-00 00:00:00'),(550,39,'SGTO. JUAN BAUTISTA CABRAL','9000 - STA.CRUZ 370',2600392,19,'0000-00-00 00:00:00','0000-00-00 00:00:00'),(551,40,'ELUNED MORGAN','9100 - CORRIENTES Y VENEZUELA',2600169,101,'0000-00-00 00:00:00','0000-00-00 00:00:00'),(552,41,'LAS GOLONDRINAS','8430 - AP. INT. 123 EL BOLSON (R. NEGRO)',2600012,71,'0000-00-00 00:00:00','0000-00-00 00:00:00'),(553,42,'CMDTE. LUIS PIEDRABUENA','9120 - 25 DE MAYO 1090',2600395,85,'0000-00-00 00:00:00','0000-00-00 00:00:00'),(554,43,'ING. LUIS A. HUERGO','9005 - PAMPAS DEL CASTILLO 250',2600376,60,'0000-00-00 00:00:00','0000-00-00 00:00:00'),(555,44,'CRNEL. FELIX DE OLAZABAL','9000 - B° FORTIN CHACABUCO Km.11',2600206,19,'0000-00-00 00:00:00','0000-00-00 00:00:00'),(556,45,'CLAUSURADA','',0,8,'0000-00-00 00:00:00','0000-00-00 00:00:00'),(557,46,'T.NAC.T.DEL FUEGO ANT.E ISLAS DEL ATL. SUR','9120 - JUAN MUZIO 707',2600201,85,'0000-00-00 00:00:00','0000-00-00 00:00:00'),(558,47,'PROV. DE SANTA FE','9103 - O\'DONELL Y 1° DE MAYO',2600256,89,'0000-00-00 00:00:00','0000-00-00 00:00:00'),(559,48,'CLAUSURADA','',0,101,'0000-00-00 00:00:00','0000-00-00 00:00:00'),(560,49,'FRANCISCO PASCACIO MORENO','9120 - C. M. RIVADAVIA S/N',2600326,85,'0000-00-00 00:00:00','0000-00-00 00:00:00'),(561,50,'CAPITAN A.ONETTO','9100 - ECUADOR Y ELSGOOD',2600401,101,'0000-00-00 00:00:00','0000-00-00 00:00:00'),(562,51,'MTRA.MURIEL INES RIVAS DE ACEVEDO','9225 - SAN MARTIN S/N',2600191,93,'0000-00-00 00:00:00','0000-00-00 00:00:00'),(563,52,'CIUDAD DE BS.AS.','9000 - AV. KENNEDY Y MARTIN FIERRO',2600045,19,'0000-00-00 00:00:00','0000-00-00 00:00:00'),(564,53,'RVDO. RAUL A. ENTRAIGAS','9100 - PECORARO 1794 Y CAMBRIN',2600145,101,'0000-00-00 00:00:00','0000-00-00 00:00:00'),(565,54,'NICOLAS AVELLANEDA','9200 - ALMAFUERTE N° 1557',2600151,51,'0000-00-00 00:00:00','0000-00-00 00:00:00'),(566,55,'TTE. de Fragata DIEGO ENRIQUE MIGUEL','9100 - HIPOLITO YRIGOYEN 930 (SUP. REG. IV)',2600411,102,'0000-00-00 00:00:00','0000-00-00 00:00:00'),(567,56,'FLORENTINO AMEGHINO','9101 - DIQUE FLORENTINO AMEGHINO',2600263,53,'0000-00-00 00:00:00','0000-00-00 00:00:00'),(568,57,'RIFLEROS DEL CHUBUT','9203 - AV FONTANA 309',2600116,103,'0000-00-00 00:00:00','0000-00-00 00:00:00'),(569,58,'SANTA ROSA DE LIMA','9211 - RUTA PCIAL. N° 70',2600013,41,'0000-00-00 00:00:00','0000-00-00 00:00:00'),(570,59,'PADRE MARIO LUIS MIGONE','9211 - PARAJE FOFO CAHUEL',2600014,54,'0000-00-00 00:00:00','0000-00-00 00:00:00'),(571,60,'','9211 - RANQUIL HUAO',2600313,88,'0000-00-00 00:00:00','0000-00-00 00:00:00'),(572,61,'RVDO. ABRAHAM MATTHEWS','9105 - CHACRA 188 GAIMAN',2600293,13,'0000-00-00 00:00:00','0000-00-00 00:00:00'),(573,62,'NAHUELQUIR CHIQUICHANO','9121 - ALDEA ESCOLAR YALA-LAUBAT',2600092,105,'0000-00-00 00:00:00','0000-00-00 00:00:00'),(574,63,'GRAL. JUAN LAVALLE','9121 - ESTAFETA POSTAL (GAN GAN)',2600095,23,'0000-00-00 00:00:00','0000-00-00 00:00:00'),(575,64,'CONQUISTA DEL DESIERTO','9100 - CHACRA 140 TW. (LOMA GRANDE)',2600329,101,'0000-00-00 00:00:00','0000-00-00 00:00:00'),(576,65,'CLAUSURADA','',0,46,'0000-00-00 00:00:00','0000-00-00 00:00:00'),(577,66,'JHON CARROG JONES','9100 - MITRE 1969 P. BAJA E. 3 (D. DULOG)',2600330,101,'0000-00-00 00:00:00','0000-00-00 00:00:00'),(578,67,'','9210 - C.C.23 EL MAITEN',2600200,106,'0000-00-00 00:00:00','0000-00-00 00:00:00'),(579,68,'CERRADA, SE FUSIONA CON 88','',2600187,59,'0000-00-00 00:00:00','0000-00-00 00:00:00'),(580,69,'MIGUEL ÑANCUCHE NAHELQUIR','9210 - C.C.10 EL MAITEN',2600199,27,'0000-00-00 00:00:00','0000-00-00 00:00:00'),(581,70,'CAP.CARLOS MARIA MOYANO','9031 - FACUNDO',2600217,52,'0000-00-00 00:00:00','0000-00-00 00:00:00'),(582,71,'POLICIA FEDERAL ARGENTINA','9037 - RUTA PROVINCIAL N° 74 S/N',2600226,5,'0000-00-00 00:00:00','0000-00-00 00:00:00'),(583,72,'CONSTANCIO C. VIGIL','9030 - 25 DE MAYO 849',2600225,91,'0000-00-00 00:00:00','0000-00-00 00:00:00'),(584,73,'POLICIA DEL CHUBUT','9035 - ESCALADA S/N',2600227,37,'0000-00-00 00:00:00','0000-00-00 00:00:00'),(585,74,'FUNDACION SCHCALMIK','9201 - BENITO FERNANDEZ S/N',2600420,61,'0000-00-00 00:00:00','0000-00-00 00:00:00'),(586,75,'VICENTE CALDERON','9217 - EL BLANCO (CHOLILA)',2600337,39,'0000-00-00 00:00:00','0000-00-00 00:00:00'),(587,76,'M.LUISA PIERUZZONI DE MARELLI','9200 - AV. ALVEAR 1086',2600175,51,'0000-00-00 00:00:00','0000-00-00 00:00:00'),(588,77,'FRANCISCO N. LAPRIDA','9101 - AV. SAN MARTIN S/N',2600254,72,'0000-00-00 00:00:00','0000-00-00 00:00:00'),(589,78,'NICOLAS AVELLANEDA','9100 - CHACRA 104 (D. GABETS)',2600381,101,'0000-00-00 00:00:00','0000-00-00 00:00:00'),(590,79,'31 DE OCTUBRE','9201 - RUTA PROVINCIAL N° 25',2600031,26,'0000-00-00 00:00:00','0000-00-00 00:00:00'),(591,80,'','9217 - CHOLILA',2600338,48,'0000-00-00 00:00:00','0000-00-00 00:00:00'),(592,81,'','9211 - RUTA N° 258',2600387,43,'0000-00-00 00:00:00','0000-00-00 00:00:00'),(593,82,'JUAN GUTIERREZ','9020 - P. MORENO 435',2600277,94,'0000-00-00 00:00:00','0000-00-00 00:00:00'),(594,83,'TTE. CRNEL. J.A.ROCA','9000 - RIVADAVIA 751 C.C. 624',2600385,19,'0000-00-00 00:00:00','0000-00-00 00:00:00'),(595,84,'MANUEL BELGRANO','9120 - SARMIENTO 268',2600267,85,'0000-00-00 00:00:00','0000-00-00 00:00:00'),(596,85,'LEONARDO DA VINCI','9100 - M. FIERRO 51',2600139,101,'0000-00-00 00:00:00','0000-00-00 00:00:00'),(597,86,'EMILIO GEROSA','9201 - PIEDRA PARADA',2600109,83,'0000-00-00 00:00:00','0000-00-00 00:00:00'),(598,87,'COMODORO PY','9121 - AVDA. DE LA BALLENAS S/N',2600333,86,'0000-00-00 00:00:00','0000-00-00 00:00:00'),(599,88,'','9220 - SARMIENTO S/N',2600353,62,'0000-00-00 00:00:00','0000-00-00 00:00:00'),(600,89,'JOSE MARIA SERRANO','9211 - LOS CONDORES S/N',2600047,50,'0000-00-00 00:00:00','0000-00-00 00:00:00'),(601,90,'','9213 - LELEQUE EX RUTA 40',2600015,73,'0000-00-00 00:00:00','0000-00-00 00:00:00'),(602,91,'GABINA DEL C.SUAREZ DE MAGALLANES','9001 - ENTRE RIOS 3060 B° SARMIENTO VALLE C',2600375,19,'0000-00-00 00:00:00','0000-00-00 00:00:00'),(603,92,'PICHI CHE RUKA','9121 - ALDEA SEPAUCAL',2600097,96,'0000-00-00 00:00:00','0000-00-00 00:00:00'),(604,93,'LUCIO V. MANSILLA','9210 - BUENOS AIRES CHICO',2600068,14,'0000-00-00 00:00:00','0000-00-00 00:00:00'),(605,94,'TTE. BENJAMIN MATIENZO','9039 - QUILCHAMAL S/N',2600228,64,'0000-00-00 00:00:00','0000-00-00 00:00:00'),(606,95,'RODOLFO RAGUCCI','9121 - S. MARTIN S/N',2600096,99,'0000-00-00 00:00:00','0000-00-00 00:00:00'),(607,96,'','9203 - ALDEA ESCOLAR',2600076,76,'0000-00-00 00:00:00','0000-00-00 00:00:00'),(608,97,'ADVERTANO L. CASTRO','9225 - ALDEA LAS PAMPAS',2600118,55,'0000-00-00 00:00:00','0000-00-00 00:00:00'),(609,98,'ING. EMILIO FREY','9203 - LOS CIPRESES',2600364,75,'0000-00-00 00:00:00','0000-00-00 00:00:00'),(610,99,'MANUEL Y ZENON  ANTIECO','9201 - COSTA DEL LEPA',2600174,32,'0000-00-00 00:00:00','0000-00-00 00:00:00'),(611,100,'BARTOLOME MITRE','9105 - EUGENIO TELLO 848',2600248,56,'0000-00-00 00:00:00','0000-00-00 00:00:00'),(612,101,'BERNARDINO RIVADAVIA','9107 - RIVADAVIA 251',2600235,35,'0000-00-00 00:00:00','0000-00-00 00:00:00'),(613,102,'','9023 - S.MARTIN S/N',2600218,15,'0000-00-00 00:00:00','0000-00-00 00:00:00'),(614,103,'GAUCHOS DE GUEMES','9217 - VILLA LAGO RIVADAVIA',2600245,67,'0000-00-00 00:00:00','0000-00-00 00:00:00'),(615,104,'FRANCISCO J. SEGUI','9003 - PUNTA NOVALES N° 450',2600207,16,'0000-00-00 00:00:00','0000-00-00 00:00:00'),(616,105,'BANDERA NACIONAL','9000 - JORNADA N° 2315',2600034,19,'0000-00-00 00:00:00','0000-00-00 00:00:00'),(617,106,'CIUDAD DE ROSARIO','9033 - RAMON MARCUCCI S/N',2600316,6,'0000-00-00 00:00:00','0000-00-00 00:00:00'),(618,107,'ISABEL NAHUEL PAN','9200 - NAHUEL PAN',2600026,79,'0000-00-00 00:00:00','0000-00-00 00:00:00'),(619,108,'PORTAL DE LOS ANDES','8431 - REMIGIO NOGUES S/N',2600246,66,'0000-00-00 00:00:00','0000-00-00 00:00:00'),(620,109,'ENTRE RIOS','8431 - C.C. 170 EL BOLSON-PJE. E.RIOS y RUTA NAC. Nø 16',2600247,66,'0000-00-00 00:00:00','0000-00-00 00:00:00'),(621,110,'JOSE M. ESTRADA','9120 - AV.GALES 1050',2600024,85,'0000-00-00 00:00:00','0000-00-00 00:00:00'),(622,111,'MAR ARGENTINO','9001 - M. GALETTO DE ABAD 351 B° PTE. ORTIZ',2600406,19,'0000-00-00 00:00:00','0000-00-00 00:00:00'),(623,112,'ALEJANDRO CONESA','9200 - ALMAFUERTE N° 621',2600075,51,'0000-00-00 00:00:00','0000-00-00 00:00:00'),(624,113,'ANTONIO ÑANCULEF','9201 - CERRO CENTINELA',2600361,20,'0000-00-00 00:00:00','0000-00-00 00:00:00'),(625,114,'MANUEL MILLAGUALA','9203 - LAGO ROSARIO',2600359,68,'0000-00-00 00:00:00','0000-00-00 00:00:00'),(626,115,'13 DE DICIEMBRE','9009 - L. ARGENTINO N° 445 B° CENTRAL',2600211,34,'0000-00-00 00:00:00','0000-00-00 00:00:00'),(627,116,'CLAUSURADA','',0,78,'0000-00-00 00:00:00','0000-00-00 00:00:00'),(628,117,'MTRO.RURAL CESAR A.RUBIO','9121 - LAGUNITA SALADA',2600093,70,'0000-00-00 00:00:00','0000-00-00 00:00:00'),(629,118,'CANAL DE BEAGLE','9101 - EL MIRASOL',2600252,45,'0000-00-00 00:00:00','0000-00-00 00:00:00'),(630,119,'NICOLAS AVELLANEDA','9000 - SAN MARTIN 1451',2600286,19,'0000-00-00 00:00:00','0000-00-00 00:00:00'),(631,120,'CERRADA POR FUSION CON 191','9201 - CORCOVADO',2600360,28,'0000-00-00 00:00:00','0000-00-00 00:00:00'),(632,121,'','9217 - RUTA PCIAL. N° 15 - KM. 29',2600106,40,'0000-00-00 00:00:00','0000-00-00 00:00:00'),(633,122,'JUAN BAUTISTA ALBERDI','9100 - LEWIS JONES 412',2600122,101,'0000-00-00 00:00:00','0000-00-00 00:00:00'),(634,123,'CMTE. LUIS JORGE FONTANA','9100 - EDISON N° 385',2600146,101,'0000-00-00 00:00:00','0000-00-00 00:00:00'),(635,124,'TOMAS ESPORA','9120 - DOMECQ GARCIA N° 202',2600193,85,'0000-00-00 00:00:00','0000-00-00 00:00:00'),(636,125,'SAN JUAN BOSCO','9107 - CHACRA 253 - RUTA PROV. Nø 7',2600236,10,'0000-00-00 00:00:00','0000-00-00 00:00:00'),(637,126,'A.R.A. \"PUNTA MEDANOS\"','9003 - GAUCHO RIVERO S/N Bø DON BOSCO-KM 8',2600272,19,'0000-00-00 00:00:00','0000-00-00 00:00:00'),(638,127,'PAULINO LUIS BARZOLA','9033 - ALDEA  APELEG (R. SENGUER)',2600231,4,'0000-00-00 00:00:00','0000-00-00 00:00:00'),(639,128,'','9121 - GAN GAN',2600094,11,'0000-00-00 00:00:00','0000-00-00 00:00:00'),(640,129,'','9201 - AVDA. MARIANO EPULEF',2600072,36,'0000-00-00 00:00:00','0000-00-00 00:00:00'),(641,130,'','9105 - CHACRA 204 B GAIMAN',2600305,63,'0000-00-00 00:00:00','0000-00-00 00:00:00'),(642,131,'CARLOS BARROSO','9201 - RUTA PCIAL. N° 44',2600358,29,'0000-00-00 00:00:00','0000-00-00 00:00:00'),(643,132,'CENT. DE LAS MISIONES SALESIANAS','8430 - C.C. 155 EL BOLSON - RIO NEGRO (EMPALME RUTA 16 Y 258)',2600163,22,'0000-00-00 00:00:00','0000-00-00 00:00:00'),(644,133,'ANTARTIDA ARGENTINA','9000 - DORREGO 1620',2600345,19,'0000-00-00 00:00:00','0000-00-00 00:00:00'),(645,134,'MARCELO ELISEO DUFLOS','9201 - RUTA PROV. N° 12',2600171,81,'0000-00-00 00:00:00','0000-00-00 00:00:00'),(646,135,'SAN IGNACIO DE LOYOLA','9020 - RUTA 20 - LOTE 37',2600527,24,'0000-00-00 00:00:00','0000-00-00 00:00:00'),(647,136,'CLAUSURADA','',0,69,'0000-00-00 00:00:00','0000-00-00 00:00:00'),(648,137,'ISABEL K. DE STAUCK','9201 - COSTA DEL CHUBUT',2600172,30,'0000-00-00 00:00:00','0000-00-00 00:00:00'),(649,138,'NICOLAS ORTIZ','9100 - J. MANUEL DE ROSAS 1775',2600009,101,'0000-00-00 00:00:00','0000-00-00 00:00:00'),(650,139,'VALLE DE INMIGRANTES','9107 - CHACRA 339',2600306,3,'0000-00-00 00:00:00','0000-00-00 00:00:00'),(651,140,'MICHEL DAVID JONES','9107 - CHACRA 332 - 28 DE JULIO',2600262,38,'0000-00-00 00:00:00','0000-00-00 00:00:00'),(652,141,'CLAUSURADA','',0,12,'0000-00-00 00:00:00','0000-00-00 00:00:00'),(653,142,'CLAUSURADA','',0,65,'0000-00-00 00:00:00','0000-00-00 00:00:00'),(654,143,'PETROLEO ARGENTINO','9000 - SAN JOSE DE JACHAL 950',2600085,19,'0000-00-00 00:00:00','0000-00-00 00:00:00'),(655,144,'CLAUSURADA','',0,95,'0000-00-00 00:00:00','0000-00-00 00:00:00'),(656,145,'2 DE ABRIL DE 1982','9100 - PELLEGRINI NORTE Y RUTA 25',2600301,101,'0000-00-00 00:00:00','0000-00-00 00:00:00'),(657,146,'GRAL. ENRIQUE MOSCONI','9005 - MARIANO VEDIA N° 884 B° GRAL. MOSCONI KM 3',2600017,19,'0000-00-00 00:00:00','0000-00-00 00:00:00'),(658,147,'LEANDRO AGUSTIN MUÑOZ','9001 - CASA 137 ASTRA KM 20',2600214,7,'0000-00-00 00:00:00','0000-00-00 00:00:00'),(659,148,'25 DE MAYO','9030 - AV. EJERCITO ARGENTINO S/N',2600282,91,'0000-00-00 00:00:00','0000-00-00 00:00:00'),(660,149,'CLAUSURADA','',0,100,'0000-00-00 00:00:00','0000-00-00 00:00:00'),(661,150,'PENINSULA DE VALDES','9120 - FUERTE SAN JOSE 115',2600270,85,'0000-00-00 00:00:00','0000-00-00 00:00:00'),(662,151,'ESCUELA DE LA AMISTAD','9100 - FUERTE VIEJO S/N',2600412,101,'0000-00-00 00:00:00','0000-00-00 00:00:00'),(663,152,'ARMADA ARGENTINA','9120 - LA PAMPA 579',2600271,85,'0000-00-00 00:00:00','0000-00-00 00:00:00'),(664,153,'ISIDRO QUIROGA','9000 - 10 DE NOVIEMBRE Y SAN CAYETANO',2600086,19,'0000-00-00 00:00:00','0000-00-00 00:00:00'),(665,154,'OSCAR VICENTE HERRERA','9000 - LA RAZON Y 52 S/N B° PUEYRREDON',2600039,19,'0000-00-00 00:00:00','0000-00-00 00:00:00'),(666,155,'MAXIMO FERNANDEZ CORIA','9000 - AV. CHILE Y B. LOS CONSTITUYENTES',2600079,19,'0000-00-00 00:00:00','0000-00-00 00:00:00'),(667,156,'RAUL B. DIAZ','9100 - FELDMAN JOSIN N° 8',2600298,101,'0000-00-00 00:00:00','0000-00-00 00:00:00'),(668,157,'GOB. JORGE J. GALINA','9100 - LEZAMA 1650',2600379,101,'0000-00-00 00:00:00','0000-00-00 00:00:00'),(669,158,'PADRE JUAN MUZIO','9120 - JULIO A. ROCA 1750',2600396,85,'0000-00-00 00:00:00','0000-00-00 00:00:00'),(670,159,'MAESTRO ISAIAS VERA','9200 - PJE. ISAIAS VERA Y AV. HOLDICH',2600173,51,'0000-00-00 00:00:00','0000-00-00 00:00:00'),(671,160,'PIONERO M. RODRIGUEZ','9000 - SATURNINO LOPEZ 1581- Bø ABASOLO',2600130,19,'0000-00-00 00:00:00','0000-00-00 00:00:00'),(672,161,'JOSE HERNANDEZ','9000 - CONSTITUCION Y LOS ANDES',2600215,19,'0000-00-00 00:00:00','0000-00-00 00:00:00'),(673,162,'ROSA DE COREA','9120 - JUAN XXIII N° 1000',2600403,85,'0000-00-00 00:00:00','0000-00-00 00:00:00'),(674,163,'','9020 - URQUIZA 1050',2600219,94,'0000-00-00 00:00:00','0000-00-00 00:00:00'),(675,164,'CENT.DE LA CIUDAD DE TRELEW','9100 - FUERTE SAN JOSE Nø 1149',2600394,101,'0000-00-00 00:00:00','0000-00-00 00:00:00'),(676,165,'CONST.DE LA PCIA.DEL CHUBUT','9100 - B. CONSTITUCION ENTRE SECTOR D Y F',2600367,101,'0000-00-00 00:00:00','0000-00-00 00:00:00'),(677,166,'MAESTRO JUAN SIAS','9203 - AP. IWAN Nø 838',2600180,103,'0000-00-00 00:00:00','0000-00-00 00:00:00'),(678,167,'CRUCERO GRAL. M. BELGRANO','9103 - RAMON Y CAJAL ESQ. PAYRO',2600258,89,'0000-00-00 00:00:00','0000-00-00 00:00:00'),(679,168,'MAESTROS PATAGONICOS','9120 - SANTA CRUZ N° 1155',2600202,85,'0000-00-00 00:00:00','0000-00-00 00:00:00'),(680,169,'ESTRELLA DE MAR','9000 - AVDA. DEL LIBERTADOR Nø 560 - KM. 3',2600289,19,'0000-00-00 00:00:00','0000-00-00 00:00:00'),(681,170,'CACIQUE VALENTIN SAYHUEQUE','9120 - JOSE MENENDEZ 445',2600268,85,'0000-00-00 00:00:00','0000-00-00 00:00:00'),(682,171,'CARRERO PATAGONICO','9003 - E. HERMITTE 246 B° GOB. FONTANA KM 8',2600273,19,'0000-00-00 00:00:00','0000-00-00 00:00:00'),(683,172,'PATAGONIA CENTRAL','9000 - CRONICA 1070',2600087,19,'0000-00-00 00:00:00','0000-00-00 00:00:00'),(684,173,'AYELEN RUKA','9100 - BRASIL S/N B.PLANTA DE GAS',2600300,101,'0000-00-00 00:00:00','0000-00-00 00:00:00'),(685,174,'CASIQUE CASIMIRO BIGUA','9100 - PASCUAL DALEOSO S/N - B° AMAYA',2600402,101,'0000-00-00 00:00:00','0000-00-00 00:00:00'),(686,175,'','9100 - LEZAMA NORTE Y MONSEÑOR FAGNANO',2600321,101,'0000-00-00 00:00:00','0000-00-00 00:00:00'),(687,176,'RAYEN-CHACAY-HUE','9201 - AV. SAN MARTIN S/N C.C. 6',2600028,98,'0000-00-00 00:00:00','0000-00-00 00:00:00'),(688,177,'','9120 - LUIS M. CAMPOS S/N B. 299 VIVIENDAS',2600205,85,'0000-00-00 00:00:00','0000-00-00 00:00:00'),(689,178,'SUYAY HUE','9103 - CARLOS GARDEL Y CONGRESO NACIONAL',2600303,89,'0000-00-00 00:00:00','0000-00-00 00:00:00'),(690,179,'','9200 - SAENZ PEÑA 2352 B. MALVINAS',2600356,51,'0000-00-00 00:00:00','0000-00-00 00:00:00'),(691,180,'','9020 - B. PROGRESO',2600281,94,'0000-00-00 00:00:00','0000-00-00 00:00:00'),(692,181,'CONSTITUYENTES PCIALES DE 1957','9120 - DORREGO S/N B° GOB. GALINA',2600060,85,'0000-00-00 00:00:00','0000-00-00 00:00:00'),(693,182,'EDWIN C. ROBERTS','9100 - MORENO NORTE Y E. ROBERTS',2600296,101,'0000-00-00 00:00:00','0000-00-00 00:00:00'),(694,183,'GOLFO SAN JORGE','9000 - TRES SARGENTOS Nø 3255',2600038,19,'0000-00-00 00:00:00','0000-00-00 00:00:00'),(695,184,'PTE. JUAN DOMINGO PERON','9000 - HUERGO Y LOS JAZMINES B. GRAL. S.MARTIN',2600131,19,'0000-00-00 00:00:00','0000-00-00 00:00:00'),(696,185,'AYLLU PIUQUE','9103 - FEDERICCI N° 780',2600260,89,'0000-00-00 00:00:00','0000-00-00 00:00:00'),(697,186,'','8430 - C.C. 55 EL BOLSON - RIO NEGRO',2600107,49,'0000-00-00 00:00:00','0000-00-00 00:00:00'),(698,187,'CLAUSURADA','8418 - C.C. 18 INGENIERO JACOBACCI - RIO NEGRO',0,77,'0000-00-00 00:00:00','0000-00-00 00:00:00'),(699,188,'','9200 - PARAJE RIO PERCY',2600027,92,'0000-00-00 00:00:00','0000-00-00 00:00:00'),(700,189,'MAESTRO ALEJANDRO DEL VALLE','9100 - S. ORTIZ N° 1750',2600046,101,'0000-00-00 00:00:00','0000-00-00 00:00:00'),(701,190,'','9104 - MACHUCA GONZALEZ S/N (PLAYA UNION)',2600324,89,'0000-00-00 00:00:00','0000-00-00 00:00:00'),(702,191,'','9201 - CORCOVADO',2600419,28,'0000-00-00 00:00:00','0000-00-00 00:00:00'),(703,192,'MANUEL DEL VILLAR','9120 - PJE. AMERICA Y MALASPINA  B. EL PORVENIR',2600372,85,'0000-00-00 00:00:00','0000-00-00 00:00:00'),(704,193,'VELERO MIMOSA','9120 - SAN MARTIN N° 1904',2600393,85,'0000-00-00 00:00:00','0000-00-00 00:00:00'),(705,194,'','8431 - PARAJE LA ISLA',2600020,66,'0000-00-00 00:00:00','0000-00-00 00:00:00'),(706,195,'HEROES DE MALVINAS','9100 - SAAVEDRA Y SARMIENTO',2600322,101,'0000-00-00 00:00:00','0000-00-00 00:00:00'),(707,196,'13 DE JULIO','9100 - GOBERNADOR TELLO S/N B° LUZ Y FUERZA',2600320,101,'0000-00-00 00:00:00','0000-00-00 00:00:00'),(708,197,'CENTINELA DE LA PATRIA','9003 - MANUEL SUEIRO nø 1166',2600407,19,'0000-00-00 00:00:00','0000-00-00 00:00:00'),(709,198,'LIA GEORGINA LOPEZ','9000 - SAN FRANCISCO DE ASIS N° 834  B. PUEYRREDON',2600003,19,'0000-00-00 00:00:00','0000-00-00 00:00:00'),(710,199,'DON LUIS FELDMAN JOSIN','9100 - AV. GALES Nø 270',2600156,101,'0000-00-00 00:00:00','0000-00-00 00:00:00'),(711,200,'','9200 - DON BOSCO Nø 1453',2600448,51,'0000-00-00 00:00:00','0000-00-00 00:00:00'),(712,201,'','9100 - LOS CIPRESES 878 - B° LOS AROMOS',2600339,101,'0000-00-00 00:00:00','0000-00-00 00:00:00'),(713,202,'JULIAN MURGA','9103 - ERNESTO LAPORTE S/N - B° 490',2600325,89,'0000-00-00 00:00:00','0000-00-00 00:00:00'),(714,203,'PROFESOR JOSE MANUEL ESTRADA','9000 - RUBEN DARIO 320 B° RESTINGA ALI',2600449,19,'0000-00-00 00:00:00','0000-00-00 00:00:00'),(715,204,'PERITO MORENO','9000 - MITRE Y P. MORENO',2600428,19,'0000-00-00 00:00:00','0000-00-00 00:00:00'),(716,205,'REP.COSTA RICA','9200 - 25 DE MAYO N° 959',2600423,51,'0000-00-00 00:00:00','0000-00-00 00:00:00'),(717,206,'MARIA CURIE ( D.A.)','9100 - PELLEGRINI Nø 390',2600426,101,'0000-00-00 00:00:00','0000-00-00 00:00:00'),(718,207,'','9100 - MAMEL Nø 4266 - BARRIO I.N.T.A.',2600494,101,'0000-00-00 00:00:00','0000-00-00 00:00:00'),(719,208,'','9203 - LOTE 19 SECC J DEL ENSANCHE DE LA COLONIA 16 DE OCTUBRE',2600495,97,'0000-00-00 00:00:00','0000-00-00 00:00:00'),(720,209,'','9000 - AV. POLONIA Y CALLE 552 - B° SAN CAYETANO',2600512,19,'0000-00-00 00:00:00','0000-00-00 00:00:00'),(721,210,'','9200 - AVDA HOLDICH EN SU INTERSECCION CON EL ARROYO ESQUEL, MANZANA A - CIRCUITO 3 - SECTOR 5 - CHACRA 4 - Bø BADEN',2600518,51,'0000-00-00 00:00:00','0000-00-00 00:00:00'),(722,211,'','9000 - REMENTERIA Nø 2810 ESQ/AVDA. ROCA',2600519,19,'0000-00-00 00:00:00','0000-00-00 00:00:00'),(723,212,'','9121 - LOTE 14 FRACCION B. SECCION I-I',2600520,42,'0000-00-00 00:00:00','0000-00-00 00:00:00'),(724,213,'','9120 - STIAGO DEL ESTERO Nø 1051',2600521,85,'0000-00-00 00:00:00','0000-00-00 00:00:00'),(725,214,'','9121 - PARAJE RIACHO SAN JOSE',2600541,47,'0000-00-00 00:00:00','0000-00-00 00:00:00'),(726,215,'','9100 - CALLE RIO SENGUER NORTE S/N (ENTRE PASCUAL DOLEOSO Y PASO DE INDIOS)',2600550,101,'0000-00-00 00:00:00','0000-00-00 00:00:00'),(727,216,'','9100 - MAMEL S/N° CASI ESQ. GOB. COSTA',2600565,101,'0000-00-00 00:00:00','0000-00-00 00:00:00'),(728,217,'','9001- ONAS E/ CERRO CHALTEN Y BERGANTIN BELGRANO',2600584,87,'0000-00-00 00:00:00','0000-00-00 00:00:00'),(729,301,'DR. RICARDO GUTIERREZ','9000 - H. YRIGOYEN 952 - 4° PISO',2600244,19,'0000-00-00 00:00:00','0000-00-00 00:00:00'),(730,302,'DR. ATILIO REBELLO','9005 - RAMON LISTA 2150  B. GRAL. MOSCONI',2600069,19,'0000-00-00 00:00:00','0000-00-00 00:00:00'),(731,303,'','9100 - COLOMBIA Y MITRE',2600103,101,'0000-00-00 00:00:00','0000-00-00 00:00:00'),(732,304,'','9200 - 25 DE MAYO 150',2600181,51,'0000-00-00 00:00:00','0000-00-00 00:00:00'),(733,305,'','9120 - ROBERTO GOMEZ 383 1° P. HOSP. DE ISOLA',2600203,85,'0000-00-00 00:00:00','0000-00-00 00:00:00'),(734,306,'','9103 - CASTELLI 450',2600450,89,'0000-00-00 00:00:00','0000-00-00 00:00:00'),(735,307,'','9020 - URQUIZA Nø 1050',2600496,94,'0000-00-00 00:00:00','0000-00-00 00:00:00'),(736,401,'ROSARIO VERA PEÑALOZA','9103 - GREGORIO MAYO 253',2600098,89,'0000-00-00 00:00:00','0000-00-00 00:00:00'),(737,402,'JUANA MANSO','9000 - F. LUIS BELTRAN Y STA. LUCIA B° STA LUCIA',2600053,19,'0000-00-00 00:00:00','0000-00-00 00:00:00'),(738,403,'DOMINGO F. SARMIENTO','9000 - RIVADAVIA 560',2600384,19,'0000-00-00 00:00:00','0000-00-00 00:00:00'),(739,404,'HUENNIHUEN','9103 - LAPORTE Y AV. TTE. CNEL MURGA',2600259,89,'0000-00-00 00:00:00','0000-00-00 00:00:00'),(740,405,'','9100 - AVELLANEDA Y S. ORTEGA',2600302,101,'0000-00-00 00:00:00','0000-00-00 00:00:00'),(741,406,'','9000 - ARTIGAS E ISLAS ORCADAS S/N',2600310,19,'0000-00-00 00:00:00','0000-00-00 00:00:00'),(742,407,'','9001 - FRAGATA HERCULES Y FRAGATA SARMIENTO',2600243,87,'0000-00-00 00:00:00','0000-00-00 00:00:00'),(743,408,'','9000 - SAN LORENZO Y RECONQUISTA  B. P. PALAZZO',2600212,19,'0000-00-00 00:00:00','0000-00-00 00:00:00'),(744,409,'','9200 - LIBERTAD Y R. SAENZ PEÑA',2600074,51,'0000-00-00 00:00:00','0000-00-00 00:00:00'),(745,410,'','9120 -  BOULEVARD BROWN Nø 3500 -CENPAT',2600421,85,'0000-00-00 00:00:00','0000-00-00 00:00:00'),(746,411,'','9020 - ALBERDI N° 750',2600278,94,'0000-00-00 00:00:00','0000-00-00 00:00:00'),(747,412,'','9100 - 25 DE MAYO 946',2600008,101,'0000-00-00 00:00:00','0000-00-00 00:00:00'),(748,413,'','9000 - REMENTERIA Y JOSE ORTEGA',2600016,19,'0000-00-00 00:00:00','0000-00-00 00:00:00'),(749,414,'','9200 - CAMBACERES Y VUELTA DE OBLIGADO',2600073,51,'0000-00-00 00:00:00','0000-00-00 00:00:00'),(750,415,'MAIR AP. IWAN DE ROBERTS','9105 - LIBERTAD 131',2600294,56,'0000-00-00 00:00:00','0000-00-00 00:00:00'),(751,416,'','9000 - MARGARITA GALLETO DE ABAD 385',2600327,19,'0000-00-00 00:00:00','0000-00-00 00:00:00'),(752,417,'','9001 - JAMAICA Y BOGOTA N° 805',2600328,19,'0000-00-00 00:00:00','0000-00-00 00:00:00'),(753,418,'','9033 - AVDA. PTE. PERON S/N',2600232,6,'0000-00-00 00:00:00','0000-00-00 00:00:00'),(754,419,'','9030 - AV. EJERCITO ARGENTINO',2600229,91,'0000-00-00 00:00:00','0000-00-00 00:00:00'),(755,420,'','9210 - LINIERS Y RIO NEGRO (BELGRANO)',2600021,44,'0000-00-00 00:00:00','0000-00-00 00:00:00'),(756,421,'','9000 - SAN JOSE DE JACHAL 1950',2600088,19,'0000-00-00 00:00:00','0000-00-00 00:00:00'),(757,422,'MARTHA SALOTTI','9203 - SARMIENTO Nø 580',2600179,103,'0000-00-00 00:00:00','0000-00-00 00:00:00'),(758,423,'','9100 - TOMAS GUIDO Y NICARAGUA',2600391,101,'0000-00-00 00:00:00','0000-00-00 00:00:00'),(759,424,'','9000 - AV. KENNEDY 3386',2600066,19,'0000-00-00 00:00:00','0000-00-00 00:00:00'),(760,425,'','9100 - YRIGOYEN Nø 1200',2600101,101,'0000-00-00 00:00:00','0000-00-00 00:00:00'),(761,426,'','9000 - HUEGO  Y LOS NARANJOS',2600090,19,'0000-00-00 00:00:00','0000-00-00 00:00:00'),(762,427,'','9100 - ESPAÑA Y ALEM',2600331,101,'0000-00-00 00:00:00','0000-00-00 00:00:00'),(763,428,'','9000 - ALVEAR 945',2600287,19,'0000-00-00 00:00:00','0000-00-00 00:00:00'),(764,429,'','9100 - GDOR. TELLO S/N B° LUZ Y FUERZA',2600297,101,'0000-00-00 00:00:00','0000-00-00 00:00:00'),(765,430,'','9120 - CDRO. MARTIN RIVADAVIA S/N C.C. 99',2600371,85,'0000-00-00 00:00:00','0000-00-00 00:00:00'),(766,431,'','9100 - FUERTE VIEJO Y RIVADAVIA',2600382,101,'0000-00-00 00:00:00','0000-00-00 00:00:00'),(767,432,'','9107 - 28 DE JULIO N° 388',2600261,35,'0000-00-00 00:00:00','0000-00-00 00:00:00'),(768,433,'','9100 - BRASIL S/N B° PLANTA DE GAS',2600299,101,'0000-00-00 00:00:00','0000-00-00 00:00:00'),(769,434,'','9120 - SANTIAGO DEL ESTERO Nø 1051',2600422,85,'0000-00-00 00:00:00','0000-00-00 00:00:00'),(770,435,'','9000 - PROVIDENCIA Nø 1571',2600089,19,'0000-00-00 00:00:00','0000-00-00 00:00:00'),(771,436,'REP. COSTA RICA','9200 - 25 DE MAYO 959',2600424,51,'0000-00-00 00:00:00','0000-00-00 00:00:00'),(772,437,'MARIA CURIE','9100 - PELLEGRINI 390',2600427,101,'0000-00-00 00:00:00','0000-00-00 00:00:00'),(773,438,'','9000 - AV. POLONIA 485',2600487,19,'0000-00-00 00:00:00','0000-00-00 00:00:00'),(774,439,'','9000 - GAUCHO RIVERO S/N - KM. 8',2600488,19,'0000-00-00 00:00:00','0000-00-00 00:00:00'),(775,440,'PUERTA DEL SOL','9000 - RIVADAVIA N° 2190',2600492,19,'0000-00-00 00:00:00','0000-00-00 00:00:00'),(776,441,'','9103 - FEDERICCI 780',2600497,89,'0000-00-00 00:00:00','0000-00-00 00:00:00'),(777,442,'','9100 - ECUADOR Y JUAN DE LA PIEDRA',2600498,101,'0000-00-00 00:00:00','0000-00-00 00:00:00'),(778,443,'','9100 - DALEOSO Nø 3670',2600493,101,'0000-00-00 00:00:00','0000-00-00 00:00:00'),(779,444,'','9200 - AV. FONTANA 1202',2600489,51,'0000-00-00 00:00:00','0000-00-00 00:00:00'),(780,445,'','9217 - MANZANA 55 - EL RINCON - CHOLILA',2600499,25,'0000-00-00 00:00:00','0000-00-00 00:00:00'),(781,446,'','8431 - REMIGIO NOGUES S/N',2600500,66,'0000-00-00 00:00:00','0000-00-00 00:00:00'),(782,447,'','9000 - POLONIA Nø 2100 - Bø San Cayetano',2600513,19,'0000-00-00 00:00:00','0000-00-00 00:00:00'),(783,448,'Centro de Desarrollo Infantil Nø 6','9120 - DOMECQ GARCIA Nø 645- Bø MANUEL DEL VILLAR',2600522,85,'0000-00-00 00:00:00','0000-00-00 00:00:00'),(784,449,'Centro de Desarrollo Infantil Nø 5','9120 - NECOCHEA Y JUAN XXIII - Bø VEPAM',2600523,85,'0000-00-00 00:00:00','0000-00-00 00:00:00'),(785,450,'','9000 - CHACRA Nø 4 - Bø BADEM',2600524,51,'0000-00-00 00:00:00','0000-00-00 00:00:00'),(786,451,'','9100 - TREVELIN NORTE N¦ 736 - Bø I.N.T.A.',2600525,101,'0000-00-00 00:00:00','0000-00-00 00:00:00'),(787,452,'','9100 - SCALABRINI ORTIZ N¦ 1750',2600526,101,'0000-00-00 00:00:00','0000-00-00 00:00:00'),(788,453,'','9211 - PASEO FRUTILLAS S/N',2600536,43,'0000-00-00 00:00:00','0000-00-00 00:00:00'),(789,454,'','9201 - CASA Nø 1 DEL Bø 17 VIVIENDAS',2600543,28,'0000-00-00 00:00:00','0000-00-00 00:00:00'),(790,455,'','9200 - CARLOS GARDEL Y PJE. STA. CRUZ',2600547,51,'0000-00-00 00:00:00','0000-00-00 00:00:00'),(791,456,'','9223 - PIEDRABAUENA Nø 315',2600548,59,'0000-00-00 00:00:00','0000-00-00 00:00:00'),(792,457,'','9120 - LA PAMPA Y GALES Nø 579',2600544,85,'0000-00-00 00:00:00','0000-00-00 00:00:00'),(793,458,'','9220 - SARMIENTO S/N',2600587,62,'0000-00-00 00:00:00','0000-00-00 00:00:00'),(794,501,'REMEDIOS ESCALADA DE SAN MARTIN','9000 - 25 DE MAYO Y AV. DUCOS',2600052,19,'0000-00-00 00:00:00','0000-00-00 00:00:00'),(795,502,'','9200 - AV. ALVEAR 2350',2600184,51,'0000-00-00 00:00:00','0000-00-00 00:00:00'),(796,503,'PROVINCIA DE TUCUMAN','9100 - MORENO 2116',2600378,101,'0000-00-00 00:00:00','0000-00-00 00:00:00'),(797,504,'','9103 - GREGORIO MAYO 325',2600255,89,'0000-00-00 00:00:00','0000-00-00 00:00:00'),(798,506,'','9100 - J. HERNANDEZ 160',2600104,101,'0000-00-00 00:00:00','0000-00-00 00:00:00'),(799,508,'','9020 - AMEGHINO Y RIVADAVIA',2600216,94,'0000-00-00 00:00:00','0000-00-00 00:00:00'),(800,509,'','9103 -  J.A. ROCA 590',2600514,89,'0000-00-00 00:00:00','0000-00-00 00:00:00'),(801,510,'','9200 - LIBERTAD 836',2600152,51,'0000-00-00 00:00:00','0000-00-00 00:00:00'),(802,511,'MAESTRO JOSE LORENZO GONZALEZ','9100 - ALEM N° 360',2600390,101,'0000-00-00 00:00:00','0000-00-00 00:00:00'),(803,512,'','9100 - ALEM N° 462',2600159,101,'0000-00-00 00:00:00','0000-00-00 00:00:00'),(804,513,'','9105 - BELGRANO N° 248',2600290,56,'0000-00-00 00:00:00','0000-00-00 00:00:00'),(805,514,'ALICIA DEFOREL','9000 - FIGEROA ALCORTA N° 51 - B° 13 DE DICIEMBRE',2600054,19,'0000-00-00 00:00:00','0000-00-00 00:00:00'),(806,515,'','9000 - SAN MARTIN 712',2600335,19,'0000-00-00 00:00:00','0000-00-00 00:00:00'),(807,516,'','9120 - FONTANA N° 440',2600198,85,'0000-00-00 00:00:00','0000-00-00 00:00:00'),(808,517,'','9000 - SAAVEDRA N° 250',2600237,19,'0000-00-00 00:00:00','0000-00-00 00:00:00'),(809,518,'','9200 - SAENZ PEÑA Y SARMIENTO',2600170,51,'0000-00-00 00:00:00','0000-00-00 00:00:00'),(810,519,'GENERAL ENRIQUE MOSCONI','9000 - J.R.BALCARCE N° 7980 B° ALBERDI',2600018,19,'0000-00-00 00:00:00','0000-00-00 00:00:00'),(811,520,'ANTARTIDA ARGENTINA','9120 - R. GOMEZ E/ D.GARCIA Y PJE.DEL MAR',2600195,85,'0000-00-00 00:00:00','0000-00-00 00:00:00'),(812,521,'','9000 - HERNANDARIAS N° 159',2600238,19,'0000-00-00 00:00:00','0000-00-00 00:00:00'),(813,522,'','8431 - AP.INT.123 - EL BOLSON',2600022,71,'0000-00-00 00:00:00','0000-00-00 00:00:00'),(814,523,'','9200 - RIVADAVIA Y ROCA',2600451,51,'0000-00-00 00:00:00','0000-00-00 00:00:00'),(815,524,'','9120 - MUZIO E INDEPENDENCIA',2600472,85,'0000-00-00 00:00:00','0000-00-00 00:00:00'),(816,525,'','9103 - AVDA.MURGA Y PJE. CARLOS GARDEL',2600501,89,'0000-00-00 00:00:00','0000-00-00 00:00:00'),(817,526,'','9120 - ITALIA Y ARTIGAS',2600515,85,'0000-00-00 00:00:00','0000-00-00 00:00:00'),(818,527,'','9200 - AMAYA 2281',2600555,51,'0000-00-00 00:00:00','0000-00-00 00:00:00'),(819,528,'','9120 - Bø ROCA ENT. 7,8 Y 9 ACC. 81- 1ø B',2600569,85,'0000-00-00 00:00:00','0000-00-00 00:00:00'),(820,529,'','9100 - MORENO Nø 2116',2600579,101,'0000-00-00 00:00:00','0000-00-00 00:00:00'),(821,530,'','9210 - SAN MARTIN S/N',2600585,44,'0000-00-00 00:00:00','0000-00-00 00:00:00'),(822,551,'C. SERV. ALTER.Y COMPL.N°1','9200 - ALVEAR N° 2350',2600551,51,'0000-00-00 00:00:00','0000-00-00 00:00:00'),(823,552,'C. SERV. ALTER.Y COMPL.','9103 - VACHINA Nø 274',2600556,89,'0000-00-00 00:00:00','0000-00-00 00:00:00'),(824,553,'C. SERV. ALTER.Y COMPL.','9100 - URUGUAY Y 28 DE JULIO',2600557,101,'0000-00-00 00:00:00','0000-00-00 00:00:00'),(825,554,'C. SERV. ALTER.Y COMPL.','9000 - 25 DEMAYO N° 381 - 1° PISO',2600558,19,'0000-00-00 00:00:00','0000-00-00 00:00:00'),(826,555,'C. SERV. ALTER.Y COMPL.','9105 - 25 DE MAYO N° 213',2600552,56,'0000-00-00 00:00:00','0000-00-00 00:00:00'),(827,556,'C. SERV. ALTER.Y COMPL.','9120 - Bø ROCA ENT. 7,8 Y 9 ACC. 81- 1ø B',2600553,85,'0000-00-00 00:00:00','0000-00-00 00:00:00'),(828,557,'C. SERV. ALTER.Y COMPL.','9203 - AP-IWAN N° 838',2600554,103,'0000-00-00 00:00:00','0000-00-00 00:00:00'),(829,601,'AGUSTIN IGNACIO DE JESUS PONCE','9203 - AP-IWAN N° 838',2600078,103,'0000-00-00 00:00:00','0000-00-00 00:00:00'),(830,602,'ALFREDO ANGEL PILLATTI','9200 - AV. ALVEAR 1086',2600112,51,'0000-00-00 00:00:00','0000-00-00 00:00:00'),(831,603,'MAESTRA ADELAIDA MERCEDES BECERRA','9103 - ALEJANDRO MAIZ 150',2600266,89,'0000-00-00 00:00:00','0000-00-00 00:00:00'),(832,604,'','9210 - CORDOBA S/N',2600166,44,'0000-00-00 00:00:00','0000-00-00 00:00:00'),(833,605,'CLAUSURADA','9223 - F. AMEGHINO S/N',0,59,'0000-00-00 00:00:00','0000-00-00 00:00:00'),(834,606,'(CERRADA)Fusionada con 602','9200 - ALMAFUERTE 621',0,51,'0000-00-00 00:00:00','0000-00-00 00:00:00'),(835,607,'','9120 - SARMIENTO 268',2600312,85,'0000-00-00 00:00:00','0000-00-00 00:00:00'),(836,608,'MAESTRO DANIEL ANDRES ARCE','9100 - EDISON 385',2600168,101,'0000-00-00 00:00:00','0000-00-00 00:00:00'),(837,609,'','9107 - RIVADAVIA N° 251',2600264,35,'0000-00-00 00:00:00','0000-00-00 00:00:00'),(838,610,'','9000 - RIVADAVIA N° 751',2600334,19,'0000-00-00 00:00:00','0000-00-00 00:00:00'),(839,611,'','9003 - GAUCHO RIVERO S/N - B. DON BOSCO KM 8',2600208,19,'0000-00-00 00:00:00','0000-00-00 00:00:00'),(840,612,'','9020 - URQUIZA N° 1050',2600220,94,'0000-00-00 00:00:00','0000-00-00 00:00:00'),(841,613,'','9000 - LOS NOGALES Y GRANADEROS S/N',2600002,19,'0000-00-00 00:00:00','0000-00-00 00:00:00'),(842,614,'','9000 - DORREGO N° 1620',2600284,19,'0000-00-00 00:00:00','0000-00-00 00:00:00'),(843,615,'DONALD BORSELLA','9100 - LEWIS JONES N° 412',2600081,101,'0000-00-00 00:00:00','0000-00-00 00:00:00'),(844,617,'','9120 - FUERTE SAN JOSE N° 115',2600204,85,'0000-00-00 00:00:00','0000-00-00 00:00:00'),(845,618,'JUANA EVANGELINA VELAZQUEZ ADARO DE ZARATE','9100 - ENTRE SECTOR D Y F DE B° CONSTITUCION',2600437,101,'0000-00-00 00:00:00','0000-00-00 00:00:00'),(846,619,'CLAUSURADA','9000 - REGIMIENTO INFANTERIA 3',0,19,'0000-00-00 00:00:00','0000-00-00 00:00:00'),(847,620,'CLAUSURADA','9000 - B° FORTIN CHACABUCO S/N',0,19,'0000-00-00 00:00:00','0000-00-00 00:00:00'),(848,621,'CLAUSURADA','9020 - GUARNICION MILITAR SARMIENTO',0,94,'0000-00-00 00:00:00','0000-00-00 00:00:00'),(849,622,'CLAUSURADA','9000 - IX° BRIGADA AEREA',0,19,'0000-00-00 00:00:00','0000-00-00 00:00:00'),(850,623,'CLAUSURADA','9100 - SUPERV. SECC. REGION IV',2600102,101,'0000-00-00 00:00:00','0000-00-00 00:00:00'),(851,624,'','9030 - 25 DE MAYO Nø 849 (RUTA 40)',2600223,91,'0000-00-00 00:00:00','0000-00-00 00:00:00'),(852,625,'CNEL. FONTANA (CLAUSURADA) fusionada con 602','9200 - REG.CABALLERIA LIGERA 3',0,51,'0000-00-00 00:00:00','0000-00-00 00:00:00'),(853,626,'CLAUSURADA','9000 - B° FORTIN CHACABUCO',0,19,'0000-00-00 00:00:00','0000-00-00 00:00:00'),(854,650,'C.F.P. 1','9103 - BURMEISTER Y GREGORIO MAYO',2600516,89,'0000-00-00 00:00:00','0000-00-00 00:00:00'),(855,651,'C.F.P. 2','9120 - BOUCHARD Nø 701',2600457,85,'0000-00-00 00:00:00','0000-00-00 00:00:00'),(1023,652,'C.F.P. 3','9000 - SAN JOSE DE JACHAL Y LIBERTADOR',2600458,19,'0000-00-00 00:00:00','0000-00-00 00:00:00'),(1024,653,'C.F.P. 4','9100 - RIVADAVIA Nø 192',2600459,101,'0000-00-00 00:00:00','0000-00-00 00:00:00'),(1025,654,'C.F.P. 5','9105 - 9 DE JULIO Y AV. E. TELLO',2600460,56,'0000-00-00 00:00:00','0000-00-00 00:00:00'),(1026,655,'C.F.P. 6','9200 - SAENZ PEÑA Nø 2627',2600461,51,'0000-00-00 00:00:00','0000-00-00 00:00:00'),(1027,656,'C.F.P. 7 (CLAUSURADA)','9211',2600671,50,'0000-00-00 00:00:00','0000-00-00 00:00:00'),(1028,657,'C.F.P. 8','8430 - PARAJE LA ISLA',2600463,66,'0000-00-00 00:00:00','0000-00-00 00:00:00'),(1029,701,'FRANCISCO E.GILARDONI','9200 - AV. ALVEAR Y OWENS JONES',2600418,51,'0000-00-00 00:00:00','0000-00-00 00:00:00'),(1030,702,'DR. GUILLERMO RAWSON','9103 - AV. ANTAR.ARGENTINA 451',2600141,89,'0000-00-00 00:00:00','0000-00-00 00:00:00'),(1031,703,'JOSE TOSCHKE','9120 -  VILLEGAS 451',2600464,85,'0000-00-00 00:00:00','0000-00-00 00:00:00'),(1032,704,'PREF. NAVAL ARG.','9000 - WARES Y AV. QUINTANA (GRAL. MOSCONI S/N)',2600055,19,'0000-00-00 00:00:00','0000-00-00 00:00:00'),(1033,705,'NESTOR G. SALVATIERRA','9203 - JHON MURRAY THOMAS S/N',2600465,103,'0000-00-00 00:00:00','0000-00-00 00:00:00'),(1034,706,'GREGORIO MAYO','9030 - FONTANA N° 693',2600230,91,'0000-00-00 00:00:00','0000-00-00 00:00:00'),(1035,707,'CIUDAD DE YAPEYU','9003 - SANTOS DISCEPOLO - B. COMERCIO - KM 8',2600274,19,'0000-00-00 00:00:00','0000-00-00 00:00:00'),(1036,708,'MALVINAS ARGENTINAS','9200 - AV. ALVEAR Y OWEN JONES Nø 796',2600178,51,'0000-00-00 00:00:00','0000-00-00 00:00:00'),(1037,709,'GENDARMERIA NACIONAL','9220 - URQUIZA S/N',2600190,62,'0000-00-00 00:00:00','0000-00-00 00:00:00'),(1038,710,'MARIA S. CARBAJAL','9120 - GALINA S/N C.C. 92',2600061,85,'0000-00-00 00:00:00','0000-00-00 00:00:00'),(1039,711,'FEDERICO BRANDSEN','9000 - SAN FRANCISCO DE ASIS N° 834',2600001,19,'0000-00-00 00:00:00','0000-00-00 00:00:00'),(1040,712,'DON S. ESTRADA','9100 - AV. GALES 270',2600153,101,'0000-00-00 00:00:00','0000-00-00 00:00:00'),(1041,713,'JUAN ABDALA CHAYEP','9200 - ALSINA N° 2252',2600417,51,'0000-00-00 00:00:00','0000-00-00 00:00:00'),(1042,714,'JULIO CORTAZAR','9100 - RAWSON Nø 351Y MITRE',2600154,101,'0000-00-00 00:00:00','0000-00-00 00:00:00'),(1043,715,'VACANTE','',0,1,'0000-00-00 00:00:00','0000-00-00 00:00:00'),(1044,716,'CASIMIRO SZLAPELIZ','9033 - SARMIENTO Nø 303',2600233,6,'0000-00-00 00:00:00','0000-00-00 00:00:00'),(1045,717,'','9211 - PJE. CERRO RADAL',2600167,22,'0000-00-00 00:00:00','0000-00-00 00:00:00'),(1046,718,'LIBERTAD','9001 - AV. MOYANO N° 2370',2600399,87,'0000-00-00 00:00:00','0000-00-00 00:00:00'),(1047,719,'PEÑIHUE','9223 - ESTRADA S/N',2600189,59,'0000-00-00 00:00:00','0000-00-00 00:00:00'),(1048,720,'','9100 - ESTADOS ARABES Nø 370',2600400,101,'0000-00-00 00:00:00','0000-00-00 00:00:00'),(1049,721,'CALETA HORNO','9111 - J. JOSE DE URQUIZA N° 425',2600250,17,'0000-00-00 00:00:00','0000-00-00 00:00:00'),(1050,722,'PROSPERO PALAZZO','9000 - J.J. PASO 2135  B. P. PALAZZO',2600276,19,'0000-00-00 00:00:00','0000-00-00 00:00:00'),(1051,723,'PUERTO ARGENTINO','9000 - AV. L. DE LA TORRE 3400  C.C. 31 SUC. 2',2600037,19,'0000-00-00 00:00:00','0000-00-00 00:00:00'),(1052,724,'PTE. ARTURO H. ILLIA','9100 - D. LLOYD JONES S/N',2600137,101,'0000-00-00 00:00:00','0000-00-00 00:00:00'),(1053,725,'JUAN XXIII','9020 - CHACRA SAN MIGUEL 27 C.C. 1',2600279,94,'0000-00-00 00:00:00','0000-00-00 00:00:00'),(1054,726,'PADRE URBANO SALORT','9210 - 28 DE JULIO Y GRAL. GUEMES',2600143,44,'0000-00-00 00:00:00','0000-00-00 00:00:00'),(1055,727,'','9217 - C.C. 6 - EL RINCON - CHOLILA',2600164,25,'0000-00-00 00:00:00','0000-00-00 00:00:00'),(1056,728,'ALFONSINA STORNI','9120 - E. ROBERT Y J. A. ROCA Nø 61',2600389,85,'0000-00-00 00:00:00','0000-00-00 00:00:00'),(1057,729,'DR. SALVADOR MAZZA','9103 - M.M. DE GUEMES N° 710',2600162,89,'0000-00-00 00:00:00','0000-00-00 00:00:00'),(1058,730,'','9100 - BELGRANO N° 2200 - B° U.P.C.N.',2600409,101,'0000-00-00 00:00:00','0000-00-00 00:00:00'),(1059,731,'GRAN MALVINA','9000 - ALVEAR N° 1150',2600044,19,'0000-00-00 00:00:00','0000-00-00 00:00:00'),(1060,732,'PBRO.IGNACIO KOENIG','9000 - BOGOTA Y EL SALVADOR  B. LAPRIDA',2600408,19,'0000-00-00 00:00:00','0000-00-00 00:00:00'),(1061,733,'','9105 - CHACRA 175  GAIMAN',2600292,13,'0000-00-00 00:00:00','0000-00-00 00:00:00'),(1062,734,'','8431 - RUTA NAC. 258',2600165,43,'0000-00-00 00:00:00','0000-00-00 00:00:00'),(1063,735,'','9200 - LIBERTAD N° 952',2600120,51,'0000-00-00 00:00:00','0000-00-00 00:00:00'),(1064,736,'AVIADORES DE MALVINAS','9120 - ARTURO JAURETCHE S/N',2600194,85,'0000-00-00 00:00:00','0000-00-00 00:00:00'),(1065,737,'','9000 - AV. KENNEDY Y POLONIA',2600126,19,'0000-00-00 00:00:00','0000-00-00 00:00:00'),(1066,738,'DR. PASTOR SCHNEIDER','9000 - KAIKEN N° 2135 ENTRE PIERAGNOLI Y HUGO DEL CARRIL',2600132,19,'0000-00-00 00:00:00','0000-00-00 00:00:00'),(1067,739,'\"Dra. Beatriz Josefa Torres\"','9020 - REG. INF. MEC. 25 Nø 32',2600221,94,'0000-00-00 00:00:00','0000-00-00 00:00:00'),(1068,740,'','9203 - AVDA. SAN MARTIN Nø 44',2600030,103,'0000-00-00 00:00:00','0000-00-00 00:00:00'),(1069,741,'CABO BOMBERO VOL. JUAN M.PASSERINI','9120 - MORENO 142',2600388,85,'0000-00-00 00:00:00','0000-00-00 00:00:00'),(1070,742,'','9002 - M. GALETO DE ABAD 351',2600377,19,'0000-00-00 00:00:00','0000-00-00 00:00:00'),(1071,743,'PARQUE EOLICO ANTONIO MORAN','9000 - LA RAZON Y 52  -  B. 30 DE OCTUBRE',2600065,19,'0000-00-00 00:00:00','0000-00-00 00:00:00'),(1072,744,'','9100 - BERWYN N° 1785',2600410,101,'0000-00-00 00:00:00','0000-00-00 00:00:00'),(1073,745,'','9000 - I. DE LOS ESTADOS N° 233',2600064,19,'0000-00-00 00:00:00','0000-00-00 00:00:00'),(1074,746,'','9000 - AV. YRIGOYEN Y SOLARI',2600051,19,'0000-00-00 00:00:00','0000-00-00 00:00:00'),(1075,747,'COLEGIO NACIONAL DE TRELEW','9100 - 25 DE MAYO 390',2600121,101,'0000-00-00 00:00:00','0000-00-00 00:00:00'),(1076,748,'TTE. CRNEL. LUIS PIEDRABUENA','9100 - PECORARO N° 441',2600048,101,'0000-00-00 00:00:00','0000-00-00 00:00:00'),(1077,749,'GRAL. ING. BALDRICH','9000 - GRECIA Y CROACIA - B° CIVICO',2600397,19,'0000-00-00 00:00:00','0000-00-00 00:00:00'),(1078,750,'LEANDRO N. ALEM','9120 - AV. GALES N° 892',2600071,85,'0000-00-00 00:00:00','0000-00-00 00:00:00'),(1079,751,'E.N.C. N° 1','9100 - R. Y CAJAL 350 C.C.240',2600042,101,'0000-00-00 00:00:00','0000-00-00 00:00:00'),(1080,752,'E.N.C.','9103 - MITRE 764',2600308,89,'0000-00-00 00:00:00','0000-00-00 00:00:00'),(1081,753,'C.E.N.S. N° 113','9103 - MITRE 762',2600100,89,'0000-00-00 00:00:00','0000-00-00 00:00:00'),(1082,754,'C.E.N.S. N° 122','9000 - SAN MARTIN N° 1451',2600242,19,'0000-00-00 00:00:00','0000-00-00 00:00:00'),(1083,755,'C.E.N.S. N° 143','9000 - CONSTITUCION S/N B°CIUDADELA',2600275,19,'0000-00-00 00:00:00','0000-00-00 00:00:00'),(1084,756,'C.E.N.S. N° S/N o 152','9020 - REG. INF. MEC. 25 Nø 32',2600222,94,'0000-00-00 00:00:00','0000-00-00 00:00:00'),(1085,757,'PTE. HIPOLITO YRIGOYEN','9000 - PETROLERA S. LORENZO 428',2600136,19,'0000-00-00 00:00:00','0000-00-00 00:00:00'),(1086,758,'CENTRO POLIV. ARTE','9200 - DON BOSCO N° 1453',2600355,51,'0000-00-00 00:00:00','0000-00-00 00:00:00'),(1087,759,'CENTRO POLIV. ARTE \"FLORENCIO MOLINA CAMPOS\"','9100 - 9 DE JULIO 386 ESQ.PELLEGRINI',2600158,101,'0000-00-00 00:00:00','0000-00-00 00:00:00'),(1088,760,'GUARDACOSTAS RIO IGUAZU E.N.E.T. N° 2','9000 - H. YRIGOYEN 315',2600049,19,'0000-00-00 00:00:00','0000-00-00 00:00:00'),(1089,761,'C.E.N.S. N° 227','9105 - MIGUEL D. JONES 490',2600249,56,'0000-00-00 00:00:00','0000-00-00 00:00:00'),(1090,762,'DOCTOR RENE FAVALORO','9100 - COLOMBIA N° 152',2600160,101,'0000-00-00 00:00:00','0000-00-00 00:00:00'),(1091,763,'C.E.N.S. N° 361','9100 - PECORARO 441',2600466,101,'0000-00-00 00:00:00','0000-00-00 00:00:00'),(1092,764,'C.E.N.S. N° 362','9000 - LISANDRO DE LA TORRE 3400',2600365,19,'0000-00-00 00:00:00','0000-00-00 00:00:00'),(1093,765,'','8430 - REMIGIO NOGUES S/N',2600467,66,'0000-00-00 00:00:00','0000-00-00 00:00:00'),(1094,766,'PERITO MORENO','9000 - P. MORENO Y MITRE S/N',2600429,19,'0000-00-00 00:00:00','0000-00-00 00:00:00'),(1095,767,'Dr. JULIAN RIPA','9200 - 25 DE MAYO N° 959',2600425,51,'0000-00-00 00:00:00','0000-00-00 00:00:00'),(1096,768,'','9120 - GALINA S/N C.C.N° 92',2600468,85,'0000-00-00 00:00:00','0000-00-00 00:00:00'),(1097,769,'CIUDAD DEL VIENTO','9000 - ASSIS Y 77 N° 834',2600469,19,'0000-00-00 00:00:00','0000-00-00 00:00:00'),(1098,770,'','9000 - LOS BULGAROS N° 20 B° GRAL. MOSCONI KM 3',2600470,19,'0000-00-00 00:00:00','0000-00-00 00:00:00'),(1099,771,'','9100 - COLOMBIA 152',2600503,101,'0000-00-00 00:00:00','0000-00-00 00:00:00'),(1100,772,'','9103 - 9 DE JULIO Nø 397',2600537,89,'0000-00-00 00:00:00','0000-00-00 00:00:00'),(1101,773,'','9107 - CHACRA 339',2600564,3,'0000-00-00 00:00:00','0000-00-00 00:00:00'),(1102,774,'','9211 - PASAJE LOS COLIBRIES - EL HOYO',2600563,50,'0000-00-00 00:00:00','0000-00-00 00:00:00'),(1103,775,'','9120 - SANTIAGO DEL ESTERO Nø 1051',2600566,85,'0000-00-00 00:00:00','0000-00-00 00:00:00'),(1104,776,'','9103 - CENTENARIO 1035 (PLAYA UNION)',2600567,89,'0000-00-00 00:00:00','0000-00-00 00:00:00'),(1105,777,'','',2600572,80,'0000-00-00 00:00:00','0000-00-00 00:00:00'),(1106,778,'','9100 - 25 DE MAYO 390',2600573,101,'0000-00-00 00:00:00','0000-00-00 00:00:00'),(1107,779,'','9201 - CORCOVADO',2600581,28,'0000-00-00 00:00:00','0000-00-00 00:00:00'),(1108,780,'','9201 - BENITO FERNANDEZ S/N',2600582,61,'0000-00-00 00:00:00','0000-00-00 00:00:00'),(1109,781,'','9107 - 25 DE MAYO N° 55',2600590,35,'0000-00-00 00:00:00','0000-00-00 00:00:00'),(1110,801,'ESCUELA SUPERIOR DOCENTE','9100 - RAWSON E/MITRE Y PELLEGRINI',2600157,101,'0000-00-00 00:00:00','0000-00-00 00:00:00'),(1111,802,'ESCUELA SUPERIOR DOCENTE','9000 - IRIGOYEN N° 748',2600336,19,'0000-00-00 00:00:00','0000-00-00 00:00:00'),(1112,803,'ESCUELA SUPERIOR DOCENTE','9120 - 25 DE MAYO Y RIVADAVIA',2600023,85,'0000-00-00 00:00:00','0000-00-00 00:00:00'),(1113,804,'ESCUELA SUPERIOR DOCENTE','9200 - SAENZ PEÑA 2352 B. MALVINAS',2600119,51,'0000-00-00 00:00:00','0000-00-00 00:00:00'),(1114,805,'ESCUELA SUP. DE MUSICA','9100 - AV. GALES N° 270',2600155,101,'0000-00-00 00:00:00','0000-00-00 00:00:00'),(1115,806,'ESCUELA SUP. DE ARTE','9000 - CLARA MIRAZHI S/N',2600050,19,'0000-00-00 00:00:00','0000-00-00 00:00:00'),(1116,807,'PERITO MORENO','9000 - MITRE Y PERITO MORENO S/N 1° PISO',2600415,19,'0000-00-00 00:00:00','0000-00-00 00:00:00'),(1117,808,'PEDRO Y MARIA CURIE','9100 - PELLEGRINI N° 390',2600058,101,'0000-00-00 00:00:00','0000-00-00 00:00:00'),(1118,809,'REP. COSTA RICA','9200 - SARMIENTO N° 950',2600025,51,'0000-00-00 00:00:00','0000-00-00 00:00:00'),(1119,810,'INST. EDUC.FISICA \"FIDEL MORENO\"','9000 - AV. LANGARA Y GUILLERMO COX B°GRAL.MOSCONI C.C 702',2600135,19,'0000-00-00 00:00:00','0000-00-00 00:00:00'),(1120,811,'COMISARIO GRAL. JUAN G. BOYD','9103 - P. MARTINEZ 257',2600265,89,'0000-00-00 00:00:00','0000-00-00 00:00:00'),(1121,812,'CeRET- INST. SUP. De EDU. TECN.','9000 - AVDA. DEL LIBERTADOR GRAL. SAN MARTIN 560 B` GRAL. MOSCONI',2600578,19,'0000-00-00 00:00:00','0000-00-00 00:00:00'),(1122,900,'ESCUELA ABIERTA SEMIPRESENCIAL (PROYECTO EDUCACION Y TRABAJO)','9103 - CASTELLI Nø 450',2600490,89,'0000-00-00 00:00:00','0000-00-00 00:00:00'),(1123,901,'','9201 - CORCOVADO',2600490,28,'0000-00-00 00:00:00','0000-00-00 00:00:00'),(1124,902,'','9211 - LOS CONDORES S/N',2600490,50,'0000-00-00 00:00:00','0000-00-00 00:00:00'),(1125,903,'','9201 - SAN MARTIN S/N',2600490,98,'0000-00-00 00:00:00','0000-00-00 00:00:00'),(1126,904,'','9211 - AVDA. DEL LIBERTADOR S/N',2600490,33,'0000-00-00 00:00:00','0000-00-00 00:00:00'),(1127,905,'','9121 - SAN MARTIN Y 21 DE SETIEMBRE S/N',2600490,57,'0000-00-00 00:00:00','0000-00-00 00:00:00'),(1128,906,'','9121 - AV. LLANQUETRU S/N',2600490,58,'0000-00-00 00:00:00','0000-00-00 00:00:00'),(1129,907,'','9101 - AVDA. SAN MARTIN S/N',2600490,72,'0000-00-00 00:00:00','0000-00-00 00:00:00'),(1130,908,'','9121 - SAN MARTIN S/N',2600490,99,'0000-00-00 00:00:00','0000-00-00 00:00:00'),(1131,909,'','9121 - TURA Nø 11 - CHACAY OESTE',2600490,23,'0000-00-00 00:00:00','0000-00-00 00:00:00'),(1132,910,'','9203 - ESTAFETA POSTAL',2600490,68,'0000-00-00 00:00:00','0000-00-00 00:00:00'),(1133,911,'','9201 - RUTA PROVINCIAL N¦ 12',2600490,81,'0000-00-00 00:00:00','0000-00-00 00:00:00'),(1134,912,'','9105 - CHACRA 253 - BETHESDA',2600490,10,'0000-00-00 00:00:00','0000-00-00 00:00:00'),(1135,913,'CERRADA','9207 - AVENIDA STROBER S/N',2600490,80,'0000-00-00 00:00:00','0000-00-00 00:00:00'),(1136,914,'','9201 - 1ROS. POBLADORES S/N',2600490,104,'0000-00-00 00:00:00','0000-00-00 00:00:00'),(1137,915,'','9201 - CARRENLEUFU',2600490,18,'0000-00-00 00:00:00','0000-00-00 00:00:00'),(1138,916,'','9121 - AVDA. DE LA BALLENAS S/N',2600490,86,'0000-00-00 00:00:00','0000-00-00 00:00:00'),(1139,917,'','9121 -',2600490,105,'0000-00-00 00:00:00','0000-00-00 00:00:00'),(1140,918,'','9035 - ESCALADA S/N',2600490,37,'0000-00-00 00:00:00','0000-00-00 00:00:00'),(1141,919,'','9121 - LAGUNITA SALADA',2600490,70,'0000-00-00 00:00:00','0000-00-00 00:00:00'),(1142,920,'','9225 - SAN MARTIN S/N',2600490,93,'0000-00-00 00:00:00','0000-00-00 00:00:00'),(1143,921,'','9201 - BENITO FERNANDEZ S/N',2600490,61,'0000-00-00 00:00:00','0000-00-00 00:00:00'),(1144,922,'','9039 - QUILCHAMAL S/N',2600490,64,'0000-00-00 00:00:00','0000-00-00 00:00:00'),(1145,923,'','9200 - PARAJE RIO PERCY',2600490,92,'0000-00-00 00:00:00','0000-00-00 00:00:00'),(1146,924,'','9203 - LOTE 19 SECC J DEL ENSANCHE DE LA COLONIA 16 DE OCTUBRE',2600490,97,'0000-00-00 00:00:00','0000-00-00 00:00:00'),(1147,925,'','9031 - FACUNDO',2600490,52,'0000-00-00 00:00:00','0000-00-00 00:00:00'),(1148,926,'','9033 - ALDEA APELEG (R. SENGUER)',2600490,4,'0000-00-00 00:00:00','0000-00-00 00:00:00'),(1149,1001,'MARIA AUXILIADORA','9103 - B. VACHINA 76',2600307,89,'0000-00-00 00:00:00','0000-00-00 00:00:00'),(1150,1002,'DON BOSCO','9103 - DON BOSCO N° 248',2600304,89,'0000-00-00 00:00:00','0000-00-00 00:00:00'),(1151,1003,'MARIA AUXILIADORA','9100 - SAN MARTIN N° 260',2600056,101,'0000-00-00 00:00:00','0000-00-00 00:00:00'),(1152,1004,'JUAN MUZIO','9100 - MORENO 1004',2600041,101,'0000-00-00 00:00:00','0000-00-00 00:00:00'),(1153,1005,'DEAN FUNES','9000 - DON BOSCO 350',2600134,19,'0000-00-00 00:00:00','0000-00-00 00:00:00'),(1154,1006,'DOMINGO SAVIO','9000 - ALEM 1112  C.C. 77',2600043,19,'0000-00-00 00:00:00','0000-00-00 00:00:00'),(1155,1007,'SAN LUIS GONZAGA','9200 - CHACABUCO 859',2600062,51,'0000-00-00 00:00:00','0000-00-00 00:00:00'),(1156,1008,'ABRAHAM LINCOLN','9000 - ESCALADA N° 1567',2600368,19,'0000-00-00 00:00:00','0000-00-00 00:00:00'),(1157,1009,'MARIA AUXILIADORA','9000 - SARMIENTO 849',2600386,19,'0000-00-00 00:00:00','0000-00-00 00:00:00'),(1158,1010,'JUAN XXIII','9000 - S. MARTIN N°  3500',2600128,19,'0000-00-00 00:00:00','0000-00-00 00:00:00'),(1159,1011,'CEFERINO NAMUNCURA','9000 - RIVADAVIA N° 2520',2600004,19,'0000-00-00 00:00:00','0000-00-00 00:00:00'),(1160,1012,'NICOLAS AVELLANEDA','9100 - 25 DE MAYO N° 1240',2600416,101,'0000-00-00 00:00:00','0000-00-00 00:00:00'),(1161,1013,'ESC.NUEVA (FUNDEN)','9101 - CHACRA N° 94 - C.C. 27',2600144,101,'0000-00-00 00:00:00','0000-00-00 00:00:00'),(1162,1014,'NUEVA LEON (DADA DE BAJA)','9100 - BELGRANO N° 973',2600140,101,'0000-00-00 00:00:00','0000-00-00 00:00:00'),(1163,1015,'FRANCISCO RAMOS MEJIA','9000 - RIVADAVIA N° 1175',2600317,19,'0000-00-00 00:00:00','0000-00-00 00:00:00'),(1164,1016,'INST. ARGENTINO-GERMANA (Cerrada Res. 300-00)','9000 - RAWSON N° 1243',2600288,19,'0000-00-00 00:00:00','0000-00-00 00:00:00'),(1165,1017,'INST.AUSTRAL','9000 - EE UU N° 75',2600366,19,'0000-00-00 00:00:00','0000-00-00 00:00:00'),(1166,1018,'INST.MARTIN RIVADAVIA','9000 - ALVEAR N° 675',2600241,19,'0000-00-00 00:00:00','0000-00-00 00:00:00'),(1167,1019,'MARIANO MORENO','9000 - ALVEAR N° 446',2600369,19,'0000-00-00 00:00:00','0000-00-00 00:00:00'),(1168,1020,'ESCUELA DE LA COSTA','9120 - COLON N° 352',2600383,85,'0000-00-00 00:00:00','0000-00-00 00:00:00'),(1169,1021,'ESC.DEL SOL','9000 - MONS. D\'ANDREA 2044',2600342,19,'0000-00-00 00:00:00','0000-00-00 00:00:00'),(1170,1022,'ARCO IRIS','9200 - 25 DE MAYO Nø 283',2600150,51,'0000-00-00 00:00:00','0000-00-00 00:00:00'),(1171,1023,'COLEGIO CERVANTES','9000 - AV. POLONIA 479 Bø PUEYRREDON',2600036,19,'0000-00-00 00:00:00','0000-00-00 00:00:00'),(1172,1024,'SAN JUAN BOSCO','9000 - HUERGO 4405 B° MAXIMO ABµSOLO',2600129,19,'0000-00-00 00:00:00','0000-00-00 00:00:00'),(1173,1025,'BILINGUE PUERTA DEL SOL','9203 - SARMIENTO N° 273',2600113,103,'0000-00-00 00:00:00','0000-00-00 00:00:00'),(1174,1026,'MUTUALISTA A.M.S.E.','9120 - DR. AVILA N° 351',2600269,85,'0000-00-00 00:00:00','0000-00-00 00:00:00'),(1175,1027,'INST.LAGOS DEL SUR (CERRADA)','9200 - PERITO MORENO N° 253',0,51,'0000-00-00 00:00:00','0000-00-00 00:00:00'),(1176,1401,'EL CASTILLITO (CERRADA)','9100 - SOBERANIA NACIONAL N° 1025',2600011,101,'0000-00-00 00:00:00','0000-00-00 00:00:00'),(1177,1402,'KINDERGARDEN (CERRADA)','9100 - MITRE N° 1052',0,101,'0000-00-00 00:00:00','0000-00-00 00:00:00'),(1178,1403,'ABRACADABRA','9000 - ALEM N° 658',2600343,19,'0000-00-00 00:00:00','0000-00-00 00:00:00'),(1179,1404,'CHIQUILANDIA','9000 - URQUIZA 924',2600239,19,'0000-00-00 00:00:00','0000-00-00 00:00:00'),(1180,1405,'DAILAN KIFKI','9000 - KENEDY N° 3251',2600040,19,'0000-00-00 00:00:00','0000-00-00 00:00:00'),(1181,1406,'PRINCIPITO','9000 - TTE. LEVALLE N° 578  B. ROCA',2600033,19,'0000-00-00 00:00:00','0000-00-00 00:00:00'),(1182,1407,'REINO DEL REVES (CERRADA)','9000 - NECOCHEA N°1365',2600344,19,'0000-00-00 00:00:00','0000-00-00 00:00:00'),(1183,1408,'ESC. MARTIN RIVADAVIA','9000 - ALVEAR N° 675',2600471,19,'0000-00-00 00:00:00','0000-00-00 00:00:00'),(1184,1409,'LOS ENANITOS','9000 - FRANCISCO BEHR N° 375 B° PUEYRREDON',2600032,19,'0000-00-00 00:00:00','0000-00-00 00:00:00'),(1185,1410,'mi jardin ( CERRADA)','9000 - AV. ROCA 1284',0,19,'0000-00-00 00:00:00','0000-00-00 00:00:00'),(1186,1411,'MISIA PEPA','9005 - AV. TEHUELCHES N° 2560 KM 3',2600473,19,'0000-00-00 00:00:00','0000-00-00 00:00:00'),(1187,1412,'MONIGOTE','9000 - MAIPU N° 1666',2600318,19,'0000-00-00 00:00:00','0000-00-00 00:00:00'),(1188,1413,'NARICITAS','9000 - FRANCIA N° 954',2600240,19,'0000-00-00 00:00:00','0000-00-00 00:00:00'),(1189,1414,'PEPIN CASCARON (CERRADA)','9000 - A. CAYELLI N° 645',2600125,19,'0000-00-00 00:00:00','0000-00-00 00:00:00'),(1190,1415,'pisa pisuela (CERRADA)','9000 - AVDA.H.YRIGOYEN 1051',0,19,'0000-00-00 00:00:00','0000-00-00 00:00:00'),(1191,1416,'UPALALA (CERRADA)','9000 - E.E.U.U. N° 724',2600005,19,'0000-00-00 00:00:00','0000-00-00 00:00:00'),(1192,1417,'la pata cata ( CERRADA)','',0,19,'0000-00-00 00:00:00','0000-00-00 00:00:00'),(1193,1418,'bichito de luz  (CERRADA)','',0,101,'0000-00-00 00:00:00','0000-00-00 00:00:00'),(1194,1419,'patatin patatero (CERRADA)','9100 - 25 DE MAYO N° 1150',0,101,'0000-00-00 00:00:00','0000-00-00 00:00:00'),(1195,1420,'EL NOGAL','9100 - PARAGUAY 620 Y AMEGHINO',2600147,101,'0000-00-00 00:00:00','0000-00-00 00:00:00'),(1196,1421,'JARDIN DEL SOL','9100 - CABOT N° 171',2600149,101,'0000-00-00 00:00:00','0000-00-00 00:00:00'),(1197,1422,'MURMULLOS','9100 - SARMIENTO N° 364',2600010,101,'0000-00-00 00:00:00','0000-00-00 00:00:00'),(1198,1423,'MARTIN PESCADOR (CERRADA)','9100 - AMEGHINO N° 441',2600067,101,'0000-00-00 00:00:00','0000-00-00 00:00:00'),(1199,1424,'MATERNAL ATECH','9100 - 28 DE JULIO 856',2600083,101,'0000-00-00 00:00:00','0000-00-00 00:00:00'),(1200,1425,'SELLITOS (AMEP) (CERRADA)','9100 - MORENO E/ITALIA Y D. BOSCO',2600080,101,'0000-00-00 00:00:00','0000-00-00 00:00:00'),(1201,1426,'SELLITOS (AMEP) (CERRADA)','9103 - CONESA N° 130',2600257,89,'0000-00-00 00:00:00','0000-00-00 00:00:00'),(1202,1427,'DISNEY','9103 - SAN MARTIN N° 572',2600105,89,'0000-00-00 00:00:00','0000-00-00 00:00:00'),(1203,1428,'peren pelpudo (CERRADA)','9103 - R.JONES Y URIBURU',0,89,'0000-00-00 00:00:00','0000-00-00 00:00:00'),(1204,1429,'bichito de luz  (CERRADA)','9120 - MARCOA A. ZAR 456',0,85,'0000-00-00 00:00:00','0000-00-00 00:00:00'),(1205,1430,'EL JARDIN DE FRUTILLITAS','9120 - DORREGO N° 275',2600349,85,'0000-00-00 00:00:00','0000-00-00 00:00:00'),(1206,1431,'el  rinc¢n de los ni¤os (CERRADA)','9120 - 28 DE JULIO 550',0,85,'0000-00-00 00:00:00','0000-00-00 00:00:00'),(1207,1432,'estrellitas (CERRADA)','9120 - ALVEAR 395',0,85,'0000-00-00 00:00:00','0000-00-00 00:00:00'),(1208,1433,'LAS CASITAS','9120 - SAN MARTIN  N° 852',2600347,85,'0000-00-00 00:00:00','0000-00-00 00:00:00'),(1209,1434,'EL PINGUINO','9120 - ANTARTIDA ARGENTINA ESQ. GOLFO NUEVO-B° ALUAR',2600478,85,'0000-00-00 00:00:00','0000-00-00 00:00:00'),(1210,1435,'RAYITO DE SOL','9120 - MORENO N° 33',2600348,85,'0000-00-00 00:00:00','0000-00-00 00:00:00'),(1211,1436,'YENUA AIKEN (CERRADA)','9120 - ESPAÑA N° 2070',2600019,85,'0000-00-00 00:00:00','0000-00-00 00:00:00'),(1212,1437,'FRUTILLITAS','9200 - ROCA N° 488',2600479,51,'0000-00-00 00:00:00','0000-00-00 00:00:00'),(1213,1438,'MONIGOTES (CERRADA)','9200 - CONESA 920',0,51,'0000-00-00 00:00:00','0000-00-00 00:00:00'),(1214,1439,'MATERNAL ATECH \"CHISPITAS\"','9200 - PASTEUR Y ALSINA',2600182,51,'0000-00-00 00:00:00','0000-00-00 00:00:00'),(1215,1440,'NIDITOS','9100 - ALEM N° 1072',2600481,101,'0000-00-00 00:00:00','0000-00-00 00:00:00'),(1216,1441,'PISA PISUELA COLOR DE CIRUELA','9120 - MITRE N° 1245',2600070,85,'0000-00-00 00:00:00','0000-00-00 00:00:00'),(1217,1442,'DIBUJUEGOS','9000 - MENDOZA N° 340',2600504,19,'0000-00-00 00:00:00','0000-00-00 00:00:00'),(1218,1443,'TINKE-TINKE (CERRADA- RESOL.412/97)','9000 - USHUAIA Y FRAG.25 DE MAYO',2600505,87,'0000-00-00 00:00:00','0000-00-00 00:00:00'),(1219,1444,'LUDOTECA DEL CERRO (resol. en tr mite)','9000 - AMEGHINO N° 1041',2600506,19,'0000-00-00 00:00:00','0000-00-00 00:00:00'),(1220,1445,'EL JARDIN DE MAFALDA','9000 - H. YRIGOYEN N° 833',2600507,19,'0000-00-00 00:00:00','0000-00-00 00:00:00'),(1221,1446,'JARDIN MATERNAL BAMBI - DASU -','9000 - LOS BULGAROS 98 SAN MARTIN ESTE - GRAL. MOSCONI',2600517,19,'0000-00-00 00:00:00','0000-00-00 00:00:00'),(1222,1447,'CRE-SER','9120 - 28 DE JULIO N° 550',2600532,85,'0000-00-00 00:00:00','0000-00-00 00:00:00'),(1223,1448,'JARD.MAT. Y JARD.INF.JEFATURA DE POLICIA RAWSON (RES.EN TRAMITE)','9103 - B° 60 Viv.Policial Casa N° 30 entre Laporte entre Murga y Cap. J.Goicochea',2600539,89,'0000-00-00 00:00:00','0000-00-00 00:00:00'),(1224,1449,'LA ESTANCIA DEL SOL','9103 - RIVADAVIA Nø 322',2600540,89,'0000-00-00 00:00:00','0000-00-00 00:00:00'),(1225,1450,'LOS GIRASOLES (CERRADA)','',0,87,'0000-00-00 00:00:00','0000-00-00 00:00:00'),(1226,1451,'JARDIN TRENCITOS DE COLORES','9120 - ALVEAR N° 570',2600568,85,'0000-00-00 00:00:00','0000-00-00 00:00:00'),(1227,1452,'JARDIN WINNIE POOH','9100 - LEWIS JONES N° 127',2600586,101,'0000-00-00 00:00:00','0000-00-00 00:00:00'),(1228,1453,'JARDIN HUELLITAS','9120 - GALES N° 268',2600588,85,'0000-00-00 00:00:00','0000-00-00 00:00:00'),(1229,1501,'COMIENZOS','9103 - B° LOS PINOS CHACRA 40 - RUTA 7',2600482,89,'0000-00-00 00:00:00','0000-00-00 00:00:00'),(1230,1502,'SOL CENTRO EDUCATIVO TERAPEUTICO','9000 - CASA 10 B° COMIPA - KM. 8',2600546,19,'0000-00-00 00:00:00','0000-00-00 00:00:00'),(1231,1601,'DOMINGO SAVIO (CERRADA)','9000 - ALEM 1112  C.C. 77',2600438,19,'0000-00-00 00:00:00','0000-00-00 00:00:00'),(1232,1650,'ESC.FORM.LAB. SAN JOSE OBRERO','9000 - PENSAMIENTOS N° 836',2600483,19,'0000-00-00 00:00:00','0000-00-00 00:00:00'),(1233,1701,'MARIA AUXILIADORA','9000 - SARMIENTO N° 849',2600484,19,'0000-00-00 00:00:00','0000-00-00 00:00:00'),(1234,1702,'DON BOSCO','9103 - DON BOSCO N° 248',2600445,89,'0000-00-00 00:00:00','0000-00-00 00:00:00'),(1235,1703,'MARIA AUXILIADORA','9100 - SAN MARTIN N° 260',2600435,101,'0000-00-00 00:00:00','0000-00-00 00:00:00'),(1236,1704,'JUAN MUZIO','9100 - MORENO N° 1004',2600431,101,'0000-00-00 00:00:00','0000-00-00 00:00:00'),(1237,1705,'DEAN FUNES','9005 - DON BOSCO N° 350 B° GRAL. MOSCONI',2600439,19,'0000-00-00 00:00:00','0000-00-00 00:00:00'),(1238,1706,'DOMINGO SAVIO','9000 - ALEM N° 1112',2600432,19,'0000-00-00 00:00:00','0000-00-00 00:00:00'),(1239,1707,'DOMINGO SAVIO','9000 - ALEM N° 1112',2600433,19,'0000-00-00 00:00:00','0000-00-00 00:00:00'),(1240,1708,'GOBERNADOR FONTANA','9020 - SAN MARTIN N° 788',2600351,94,'0000-00-00 00:00:00','0000-00-00 00:00:00'),(1241,1709,'F.A.U. COL. SECUN. PTO.MADRYN','9120 - 9 DE JULIO 650',2600346,85,'0000-00-00 00:00:00','0000-00-00 00:00:00'),(1242,1710,'INST.LEONARDO DA VINCI','9000 - ARISTOBULO DEL VALLE 1555',2600285,19,'0000-00-00 00:00:00','0000-00-00 00:00:00'),(1243,1711,'INST.AUSTRAL','9000 - EE UU N° 75',2600446,19,'0000-00-00 00:00:00','0000-00-00 00:00:00'),(1244,1712,'WILLIAM C. MORRIS','9107 - 25 DE MAYO N° 55',2600283,35,'0000-00-00 00:00:00','0000-00-00 00:00:00'),(1245,1713,'SAN LUIS GONZAGA','9200 - CHACABUCO N° 859',2600436,51,'0000-00-00 00:00:00','0000-00-00 00:00:00'),(1246,1714,'CAMWY','9105 - M. D. JONES N° 490',2600291,56,'0000-00-00 00:00:00','0000-00-00 00:00:00'),(1247,1715,'ESCUELA NUEVA','9100 - CHACRA N° 94 - C.C. 27',2600440,101,'0000-00-00 00:00:00','0000-00-00 00:00:00'),(1248,1716,'INST.ADVENTISTA (cerrada- resol. Nø 48/99)','9100 - 25 DE MAYO N° 1240',2600123,101,'0000-00-00 00:00:00','0000-00-00 00:00:00'),(1249,1717,'COLEGIO CERVANTES','9000 - AV. POLONIA 479  B. ROCA',2600430,19,'0000-00-00 00:00:00','0000-00-00 00:00:00'),(1250,1718,'INST.MARTIN RIVADAVIA','9000 - RIVADAVIA N° 1402',2600444,19,'0000-00-00 00:00:00','0000-00-00 00:00:00'),(1251,1719,'ARCO IRIS','9200 - 25 DE MAYO Nø 283',2600441,51,'0000-00-00 00:00:00','0000-00-00 00:00:00'),(1252,1720,'ESCUELA DE LA COSTA','9120 - COLON N° 352',2600447,85,'0000-00-00 00:00:00','0000-00-00 00:00:00'),(1253,1721,'INST. ARGENTINO-GERMANA (Cerrada Res.300-00)','9000 - RAWSON N° 1243',2600491,19,'0000-00-00 00:00:00','0000-00-00 00:00:00'),(1254,1722,'ABRAHAM LINCOLN','9000 - ESCALADA Nø 1567',2600534,19,'0000-00-00 00:00:00','0000-00-00 00:00:00'),(1255,1723,'PUERTA DEL SOL','9203 - SARMIENTO N° 273',2600560,103,'0000-00-00 00:00:00','0000-00-00 00:00:00'),(1256,1724,'COLEGIO ALIWEN','9105 - HOGAR GRANJA ARTURO ROBERTS',2600580,56,'0000-00-00 00:00:00','0000-00-00 00:00:00'),(1257,1801,'MARIA AUXILIADORA','9000 - SARMIENTO N° 849',2600477,19,'0000-00-00 00:00:00','0000-00-00 00:00:00'),(1258,1802,'PATAG.DEL PROF. DE INGLES','9100 - LEANDRO ALEM N° 437',2600082,101,'0000-00-00 00:00:00','0000-00-00 00:00:00'),(1259,1803,'CENTRO DE ESTUDIOS TRELEW','9100 - CARRASCO N° 250',2600099,101,'0000-00-00 00:00:00','0000-00-00 00:00:00'),(1260,1804,'INST.LAGOS DEL SUR (CERRADA)','9200 - ALAMFUERTE N° 1065',2600192,51,'0000-00-00 00:00:00','0000-00-00 00:00:00'),(1261,1805,'ISIS  INST. SUP ORIE. EN COMPUTACION','9000 - RIVADAVIA N° 1070',2600485,19,'0000-00-00 00:00:00','0000-00-00 00:00:00'),(1262,1806,'COMODORO ENGLISH LENGUAJE INSTITUTE','9000 - AMEGHINO N° 1030',2600486,19,'0000-00-00 00:00:00','0000-00-00 00:00:00'),(1263,1807,'ESCUELA DE NEGOCIOS DE COMODORO RIVADAVIA','9000 - 25 DE MAYO 954',2600509,19,'0000-00-00 00:00:00','0000-00-00 00:00:00'),(1264,1808,'I.D.E.S.(Trelew)','9100 - URQUIZA 356',2600510,101,'0000-00-00 00:00:00','0000-00-00 00:00:00'),(1265,1809,'I.D.E.S.(Cdro. Rivadavia) (CERRADA)','9000 - ARISTOBULO DEL VALLE 1555',2600511,19,'0000-00-00 00:00:00','0000-00-00 00:00:00'),(1266,1810,'ESC. DE PETROLEO DE LA PATAGONIA','9000 - DON BOSCO 350 - Bø GRAL.MOSCONI',2600535,19,'0000-00-00 00:00:00','0000-00-00 00:00:00'),(1267,1811,'I.S.P.E.R.','9103 - 25 DE MAYO Nø 555',2600538,89,'0000-00-00 00:00:00','0000-00-00 00:00:00'),(1268,1812,'IPADE - INSTITUTO PATAGONICO DE DESARROLLO EMPRESARIAL','9120 - 9 DE JULIO N° 652',2600545,85,'0000-00-00 00:00:00','0000-00-00 00:00:00'),(1269,1813,'ITECH (CERRADA)','9200 - VOLTA Nø 766',2600561,51,'0000-00-00 00:00:00','0000-00-00 00:00:00'),(1270,1814,'INSTITUTO SUPERIOR DE MECANICA DENTAL','9100 - CHILE N° 357',2600562,101,'0000-00-00 00:00:00','0000-00-00 00:00:00'),(1271,1815,'INSTITUTO SUPERIOR DE GASTRONOMIA Y HOTELERIA DE LA PATAGONIA','9000 - GUEMES N° 740',2600571,19,'0000-00-00 00:00:00','0000-00-00 00:00:00'),(1272,2001,'CELINA BAZAN DE PADILLA','9120 - ALBARRACIN NORTE Nø 2982',2600059,85,'0000-00-00 00:00:00','0000-00-00 00:00:00'),(1273,2002,'DANIEL BUSTAMANTE','9120 - TECKA N° 1562 -  B° PUJOL II',2600404,85,'0000-00-00 00:00:00','0000-00-00 00:00:00'),(1274,2003,'VICTOR MORON','9120 - ANITA JONES N° 44',2600373,85,'0000-00-00 00:00:00','0000-00-00 00:00:00'),(1275,2004,'EL MOLINO','9203 - MOLINO VIEJO N° 508',2600114,103,'0000-00-00 00:00:00','0000-00-00 00:00:00'),(1276,2005,'EXPERIMENTAL N° 1','9200 - ALBERGUE M.RUTA 259 - KM 5',2600176,51,'0000-00-00 00:00:00','0000-00-00 00:00:00'),(1277,2401,'PIEDRA LIBRE','9120 - JUAN MUZIO Y NECOCHEA',2600405,85,'0000-00-00 00:00:00','0000-00-00 00:00:00'),(1278,2402,'CEFERINO NAMUNCURA CERRADA POR FUSION 455','9200 - C. GARDEL Y SANTA CRUZ S/N',2600354,51,'0000-00-00 00:00:00','0000-00-00 00:00:00'),(1279,2403,'MATERNALES BARRIALES','9200 - SOBRE COSTANERA ENTRE PERITO MORENO Y DARWIN',2600117,51,'0000-00-00 00:00:00','0000-00-00 00:00:00'),(1280,2404,'MATERNALES BARRIALES','9103 - CEFERINO NAMUNCURA S/N',2600508,89,'0000-00-00 00:00:00','0000-00-00 00:00:00'),(1281,2405,'ESC. MUNICIP. DE NIVEL INICIAL','9120 - ANITA JONES 25 - B° PUJOL',2600528,85,'0000-00-00 00:00:00','0000-00-00 00:00:00'),(1282,2406,'ESC. MUNICIP. DE NIVEL INICIAL','9120 - GUALJAINA S/N B° PUJOL II',2600529,85,'0000-00-00 00:00:00','0000-00-00 00:00:00'),(1283,2407,'ESC. MUNICIP. DE NIVEL INICIAL','9120 - ALBARRACIN N° 2982 B° SAN MIGUEL',2600530,85,'0000-00-00 00:00:00','0000-00-00 00:00:00'),(1284,2408,'ESC. MUNICIP. DE NIVEL INICIAL','9120 - LA RIOJA N° 725 B° GOB. FONTANA',2600531,85,'0000-00-00 00:00:00','0000-00-00 00:00:00'),(1285,2409,'JARDINES MATERNALES MUNICIPALES','9000 - DAELLA MURA N° 270 B° STELLA MARIS',2600533,19,'0000-00-00 00:00:00','0000-00-00 00:00:00'),(1286,2410,'JARDIN MATERNAL MUNICIPAL','9020 - AMEGHINO Y ESPAÑA',2600570,94,'0000-00-00 00:00:00','0000-00-00 00:00:00'),(1287,2411,'JARDIN MATERNAL MUNICIPAL \"CRECIENDO JUNTOS\"','9103 - VACHINA N° 389',2600577,89,'0000-00-00 00:00:00','0000-00-00 00:00:00'),(1288,2412,'JARD. MAT. Y DE INF. MUNIC.  \"ESTRELLITA DE MAR\"','9103 - NAHUELPAN Y AVDA. ANTARTIDA ARGENTINA',2600583,89,'0000-00-00 00:00:00','0000-00-00 00:00:00'),(1289,2413,'','9030 - BELGRANO Nø 585',2600589,91,'0000-00-00 00:00:00','0000-00-00 00:00:00'),(1290,2701,'E.M.A.L.','9120 - JUAN MUZIO N° 707',2600374,85,'0000-00-00 00:00:00','0000-00-00 00:00:00'),(1291,2702,'E.M.A.L.','9103 - GUEMES N° 710',2600138,89,'0000-00-00 00:00:00','0000-00-00 00:00:00'),(1292,4000,'MINISTRO','0',0,89,'0000-00-00 00:00:00','0000-00-00 00:00:00'),(1293,4001,'SUBSECRETARIA DE EDUCACION','0',0,89,'0000-00-00 00:00:00','0000-00-00 00:00:00'),(1294,4002,'DIRECCION GENERAL OPERATIVA','0',0,89,'0000-00-00 00:00:00','0000-00-00 00:00:00'),(1295,4003,'DIRECCION GENERAL DE PROYECTOS ESPECIALES','0',0,89,'0000-00-00 00:00:00','0000-00-00 00:00:00'),(1296,4004,'DIRECCION DE INFRAESTRUCTURA ESCOLAR','0',0,89,'0000-00-00 00:00:00','0000-00-00 00:00:00'),(1297,4005,'DIRECCION GENERAL DE CIENCIA Y TECNICA','0',0,89,'0000-00-00 00:00:00','0000-00-00 00:00:00'),(1298,4006,'DIRECCION GENERAL DE ADMINISTRACION Y PERSONAL','0',0,89,'0000-00-00 00:00:00','0000-00-00 00:00:00'),(1299,4007,'DIRECCION GENERAL DE EDUCACION INICIAL','0',0,89,'0000-00-00 00:00:00','0000-00-00 00:00:00'),(1300,4008,'DIRECCION GENERAL DE EGB','0',0,89,'0000-00-00 00:00:00','0000-00-00 00:00:00'),(1301,4009,'DIRECCION GENERAL DE EDUCACION POLIMODAL','0',0,89,'0000-00-00 00:00:00','0000-00-00 00:00:00'),(1302,4010,'DIRECCION GENERAL DE REGIMENES ESPECIALES','0',0,89,'0000-00-00 00:00:00','0000-00-00 00:00:00'),(1303,4011,'DIRECCION GENERAL DE EDUCACION PRIVADA','0',0,89,'0000-00-00 00:00:00','0000-00-00 00:00:00'),(1304,4012,'DIRECCION DE ASESORIA LEGAL','0',0,89,'0000-00-00 00:00:00','0000-00-00 00:00:00'),(1305,4013,'DIRECCION DE ASISTENCIA PEDAGOGICA A LAS ESCUELAS PRIORITARIAS','0',0,89,'0000-00-00 00:00:00','0000-00-00 00:00:00'),(1306,4014,'DIRECCION CENTRO PROVINCIAL DE INFORMACION EDUCATIVA','0',0,89,'0000-00-00 00:00:00','0000-00-00 00:00:00'),(1307,4015,'DIRECCION DE DESPACHO','0',0,89,'0000-00-00 00:00:00','0000-00-00 00:00:00'),(1308,4016,'DIRECCION DE ESTADISTICA EDUCATIVA','0',0,89,'0000-00-00 00:00:00','0000-00-00 00:00:00'),(1309,4017,'DEPARTAMENTO TITULOS Y EQUIVALENCIAS','0',0,89,'0000-00-00 00:00:00','0000-00-00 00:00:00'),(1310,4018,'PLAN SOCIAL','0',0,89,'0000-00-00 00:00:00','0000-00-00 00:00:00'),(1311,4019,'DIRECCION GENERAL DE REGIMENES ESPECIALES','0',0,89,'0000-00-00 00:00:00','0000-00-00 00:00:00'),(1312,3000,'Hs. Cátedra Nivel Polimodal en Sede','0',0,89,'0000-00-00 00:00:00','0000-00-00 00:00:00'),(1313,3031,'Hs. Cátedra Nivel Superior en Sede','0',0,89,'0000-00-00 00:00:00','0000-00-00 00:00:00'),(1314,3012,'Del. Administrativa Reg. I - Las Golondrinas','0',0,71,'0000-00-00 00:00:00','0000-00-00 00:00:00'),(1315,3007,'Del. Administrativa Reg. II - Puerto Madryn','0',0,85,'0000-00-00 00:00:00','0000-00-00 00:00:00'),(1316,3010,'Del. Administrativa Reg. III - Esquel','0',0,51,'0000-00-00 00:00:00','0000-00-00 00:00:00'),(1317,3009,'Del. Administrativa Reg. IV - Trelew','0',0,101,'0000-00-00 00:00:00','0000-00-00 00:00:00'),(1318,3011,'Del. Administrativa Reg. V - Sarmiento','0',0,94,'0000-00-00 00:00:00','0000-00-00 00:00:00'),(1319,3008,'Del. Administrativa Reg. VI - Comodoro Rivadavia','0',0,19,'0000-00-00 00:00:00','0000-00-00 00:00:00'),(1320,3001,'Supervisión Región I','0',0,71,'0000-00-00 00:00:00','0000-00-00 00:00:00'),(1321,3002,'Supervisión Región II','0',0,85,'0000-00-00 00:00:00','0000-00-00 00:00:00'),(1322,3003,'Supervisión Región III','0',0,51,'0000-00-00 00:00:00','0000-00-00 00:00:00'),(1323,3004,'Supervisión Región IV','0',0,101,'0000-00-00 00:00:00','0000-00-00 00:00:00'),(1324,3005,'Supervisión Región V','0',0,94,'0000-00-00 00:00:00','0000-00-00 00:00:00'),(1325,3006,'Supervisión Región VI','0',0,19,'0000-00-00 00:00:00','0000-00-00 00:00:00'),(1326,3020,'Casa del Chubut en Bs. As.','0',0,2,'0000-00-00 00:00:00','0000-00-00 00:00:00'),(1327,3018,'CASA ESTUDIANTIL','0',0,51,'0000-00-00 00:00:00','0000-00-00 00:00:00'),(1328,3019,'CASA ESTUDIANTIL','0',0,94,'0000-00-00 00:00:00','0000-00-00 00:00:00'),(1329,3021,'CENTRO EDUCACION FISICA Nro. 26','0',0,101,'0000-00-00 00:00:00','0000-00-00 00:00:00'),(1330,782,'','0',2600595,98,'0000-00-00 00:00:00','0000-00-00 00:00:00'),(1331,783,'','0',2600596,93,'0000-00-00 00:00:00','0000-00-00 00:00:00'),(1332,784,'','0',2600597,101,'0000-00-00 00:00:00','0000-00-00 00:00:00'),(1333,785,'','0',2600617,85,'0000-00-00 00:00:00','0000-00-00 00:00:00'),(1334,787,'','0',2600622,101,'0000-00-00 00:00:00','0000-00-00 00:00:00'),(1335,3038,'JUNTA CLASIF. REGION III','0',0,51,'0000-00-00 00:00:00','0000-00-00 00:00:00'),(1336,2414,'','0',2600598,51,'0000-00-00 00:00:00','0000-00-00 00:00:00'),(1337,2416,'','0',2600613,25,'0000-00-00 00:00:00','0000-00-00 00:00:00'),(1338,3030,'','0',0,51,'0000-00-00 00:00:00','0000-00-00 00:00:00'),(1339,3023,'','0',0,51,'0000-00-00 00:00:00','0000-00-00 00:00:00'),(1340,3024,'','0',0,99,'0000-00-00 00:00:00','0000-00-00 00:00:00'),(1341,3026,'','0',0,101,'0000-00-00 00:00:00','0000-00-00 00:00:00'),(1342,3027,'','0',0,19,'0000-00-00 00:00:00','0000-00-00 00:00:00'),(1344,3029,'','0',0,19,'0000-00-00 00:00:00','0000-00-00 00:00:00'),(1345,3042,'','0',0,89,'0000-00-00 00:00:00','0000-00-00 00:00:00'),(1347,791,'','0',2600646,51,'0000-00-00 00:00:00','0000-00-00 00:00:00'),(1348,792,'','0',2600647,101,'0000-00-00 00:00:00','0000-00-00 00:00:00'),(1349,793,'','0',2600648,101,'0000-00-00 00:00:00','0000-00-00 00:00:00'),(1350,794,'','0',2600649,56,'0000-00-00 00:00:00','0000-00-00 00:00:00'),(1351,796,'','0',2600651,19,'0000-00-00 00:00:00','0000-00-00 00:00:00'),(1352,797,'','0',2600652,19,'0000-00-00 00:00:00','0000-00-00 00:00:00'),(1353,798,'','0',2600653,19,'0000-00-00 00:00:00','0000-00-00 00:00:00'),(1354,799,'','0',2600661,19,'0000-00-00 00:00:00','0000-00-00 00:00:00'),(1377,2415,'','0',2600612,101,'0000-00-00 00:00:00','0000-00-00 00:00:00'),(1378,786,'','0',2600618,85,'0000-00-00 00:00:00','0000-00-00 00:00:00'),(1379,927,'','0',2600490,53,'0000-00-00 00:00:00','0000-00-00 00:00:00'),(1380,813,'','0',2600636,66,'0000-00-00 00:00:00','0000-00-00 00:00:00'),(1381,788,'','0',2600643,66,'0000-00-00 00:00:00','0000-00-00 00:00:00'),(1382,789,'','0',2600644,85,'0000-00-00 00:00:00','0000-00-00 00:00:00'),(1383,790,'','0',2600645,85,'0000-00-00 00:00:00','0000-00-00 00:00:00'),(1384,795,'','0',2600650,89,'0000-00-00 00:00:00','0000-00-00 00:00:00'),(1385,1028,'','0',0,101,'0000-00-00 00:00:00','0000-00-00 00:00:00'),(1386,1455,'','0',2600623,19,'0000-00-00 00:00:00','0000-00-00 00:00:00'),(1387,814,'','0',2600675,66,'0000-00-00 00:00:00','0000-00-00 00:00:00'),(1388,1461,'','0',2600669,101,'0000-00-00 00:00:00','0000-00-00 00:00:00'),(1389,1462,'','0',2600685,89,'0000-00-00 00:00:00','0000-00-00 00:00:00'),(1390,1463,'','0',2600686,101,'0000-00-00 00:00:00','0000-00-00 00:00:00'),(1391,1656,'','0',2600668,101,'0000-00-00 00:00:00','0000-00-00 00:00:00'),(1392,1657,'','0',2600670,19,'0000-00-00 00:00:00','0000-00-00 00:00:00'),(1393,1659,'','0',2600689,101,'0000-00-00 00:00:00','0000-00-00 00:00:00'),(1394,1660,'','0',2600690,85,'0000-00-00 00:00:00','0000-00-00 00:00:00'),(1395,1661,'','0',2600691,101,'0000-00-00 00:00:00','0000-00-00 00:00:00'),(1396,1733,'','0',2600683,19,'0000-00-00 00:00:00','0000-00-00 00:00:00'),(1397,1820,'','0',2600674,19,'0000-00-00 00:00:00','0000-00-00 00:00:00'),(1398,1821,'','0',2600688,19,'0000-00-00 00:00:00','0000-00-00 00:00:00'),(1399,6500,'','0',2600655,66,'0000-00-00 00:00:00','0000-00-00 00:00:00'),(1400,6501,'','0',2600684,104,'0000-00-00 00:00:00','0000-00-00 00:00:00'),(1401,7701,'','0',2600673,85,'0000-00-00 00:00:00','0000-00-00 00:00:00'),(1402,7702,'','0',2600678,19,'0000-00-00 00:00:00','0000-00-00 00:00:00'),(1403,7703,'','0',2600679,19,'0000-00-00 00:00:00','0000-00-00 00:00:00'),(1404,928,'','',2600490,20,'0000-00-00 00:00:00','0000-00-00 00:00:00'),(1405,4021,'','',0,66,'0000-00-00 00:00:00','0000-00-00 00:00:00'),(1406,4022,'','',0,85,'0000-00-00 00:00:00','0000-00-00 00:00:00'),(1407,4023,'','',0,51,'0000-00-00 00:00:00','0000-00-00 00:00:00'),(1408,4024,'','',0,101,'0000-00-00 00:00:00','0000-00-00 00:00:00'),(1409,4026,'','',0,19,'0000-00-00 00:00:00','0000-00-00 00:00:00'),(1410,5009,'','',2600323,89,'0000-00-00 00:00:00','0000-00-00 00:00:00'),(1411,7704,'','',2600697,19,'0000-00-00 00:00:00','0000-00-00 00:00:00'),(1412,7705,'','',2600698,89,'0000-00-00 00:00:00','0000-00-00 00:00:00'),(1413,1460,'','',2600641,56,'0000-00-00 00:00:00','0000-00-00 00:00:00'),(1414,5006,'','',2600115,103,'0000-00-00 00:00:00','0000-00-00 00:00:00'),(1419,7707,'','',2600701,85,'0000-00-00 00:00:00','0000-00-00 00:00:00'),(1420,1030,'','',2600600,51,'0000-00-00 00:00:00','0000-00-00 00:00:00'),(1421,1726,'SAN JOSE OBRERO','',2600614,19,'0000-00-00 00:00:00','0000-00-00 00:00:00'),(1422,1728,'CENTRO AGROTÉCNICO CHOLILA','',2600654,25,'0000-00-00 00:00:00','0000-00-00 00:00:00'),(1423,1734,'','',2600704,51,'0000-00-00 00:00:00','0000-00-00 00:00:00'),(1424,7709,'Escuela Secundariia Rural','',2600703,33,'0000-00-00 00:00:00','0000-00-00 00:00:00'),(1425,2417,'','',2600716,50,'0000-00-00 00:00:00','0000-00-00 00:00:00'),(1426,7708,'','',2600702,91,'0000-00-00 00:00:00','0000-00-00 00:00:00'),(1427,4025,'SEPEP R. 5','',0,94,'0000-00-00 00:00:00','0000-00-00 00:00:00'),(1428,7710,'','',2600706,86,'0000-00-00 00:00:00','0000-00-00 00:00:00'),(1429,7715,'','',2600723,19,'0000-00-00 00:00:00','0000-00-00 00:00:00'),(1430,2418,'','',2600724,103,'0000-00-00 00:00:00','0000-00-00 00:00:00'),(1431,7713,'','',2600718,101,'0000-00-00 00:00:00','0000-00-00 00:00:00'),(1432,7711,'','',2600719,58,'0000-00-00 00:00:00','0000-00-00 00:00:00'),(1433,7706,'','',2600700,61,'0000-00-00 00:00:00','0000-00-00 00:00:00'),(1434,7714,'','',2600721,51,'0000-00-00 00:00:00','0000-00-00 00:00:00'),(1435,7720,'','',2600744,101,'0000-00-00 00:00:00','0000-00-00 00:00:00'),(1436,7718,'','',2600737,101,'0000-00-00 00:00:00','0000-00-00 00:00:00'),(1437,7717,'','',2600732,19,'0000-00-00 00:00:00','0000-00-00 00:00:00'),(1438,1729,'ESCUELA MUTUALISTA AMSE','Doctor Avila, Colonos y Galeses',2600656,85,'0000-00-00 00:00:00','0000-00-00 00:00:00'),(1439,7716,'ESCUELA NRO.7716','',2600731,101,'0000-00-00 00:00:00','0000-00-00 00:00:00'),(1440,7721,'','',2600747,101,'0000-00-00 00:00:00','0000-00-00 00:00:00'),(1441,7722,'','',2600751,51,'0000-00-00 00:00:00','0000-00-00 00:00:00'),(1442,7723,'','',2600755,57,'0000-00-00 00:00:00','0000-00-00 00:00:00'),(1443,7724,'','',2600756,103,'0000-00-00 00:00:00','0000-00-00 00:00:00'),(1444,7725,'','',2600757,72,'0000-00-00 00:00:00','0000-00-00 00:00:00');
/*!40000 ALTER TABLE `establecimientos` ENABLE KEYS */;
UNLOCK TABLES;

--
-- Table structure for table `conceptos`
--

DROP TABLE IF EXISTS `conceptos`;
/*!40101 SET @saved_cs_client     = @@character_set_client */;
/*!40101 SET character_set_client = utf8 */;
CREATE TABLE `conceptos` (
  `id` int(11) NOT NULL AUTO_INCREMENT,
  `anhomes` int(11) DEFAULT NULL,
  `codigo_concepto` int(11) DEFAULT NULL,
  `nombre` varchar(255) COLLATE utf8_unicode_ci DEFAULT NULL,
  `calculo_auxiliares` varchar(255) COLLATE utf8_unicode_ci DEFAULT NULL,
  `calculo_cargos` varchar(255) COLLATE utf8_unicode_ci DEFAULT NULL,
  `calculo_horas_media` varchar(255) COLLATE utf8_unicode_ci DEFAULT NULL,
  `calculo_horas_superior` varchar(255) COLLATE utf8_unicode_ci DEFAULT NULL,
  `orden` int(11) DEFAULT NULL,
  `requerido` varchar(255) COLLATE utf8_unicode_ci DEFAULT NULL,
  `carga_manual` varchar(255) COLLATE utf8_unicode_ci DEFAULT NULL,
  `minimo` float DEFAULT NULL,
  `maximo` float DEFAULT NULL,
  `ayuda` varchar(255) COLLATE utf8_unicode_ci DEFAULT NULL,
  `activado_x_defecto` varchar(255) COLLATE utf8_unicode_ci DEFAULT NULL,
  `tipo` varchar(255) COLLATE utf8_unicode_ci DEFAULT NULL,
  `created_at` datetime NOT NULL,
  `updated_at` datetime NOT NULL,
  PRIMARY KEY (`id`)
) ENGINE=InnoDB AUTO_INCREMENT=512 DEFAULT CHARSET=utf8 COLLATE=utf8_unicode_ci;
/*!40101 SET character_set_client = @saved_cs_client */;

--
-- Dumping data for table `conceptos`
--

LOCK TABLES `conceptos` WRITE;
/*!40000 ALTER TABLE `conceptos` DISABLE KEYS */;
INSERT INTO `conceptos` VALUES (1,201206,1,'PORCENTAJE ANTIGUEDAD',NULL,'porcentaje_antiguedad','porcentaje_antiguedad','porcentaje_antiguedad',2,'NO','NO',0,1000,'','NO','','0000-00-00 00:00:00','0000-00-00 00:00:00'),(2,201206,3,'TOTAL REMUNERATIVO',NULL,'resultado = codigo1110 + codigo1125 + codigo1157 + codigo1156 + codigo1899 + codigo1195;','resultado = codigo1110 + codigo1125 + codigo1157 + codigo1156 + codigo1899 + codigo1195;','resultado = codigo1110 + codigo1125 + codigo1157 + codigo1156 + codigo1899 + codigo1195;',9,'SI','NO',NULL,NULL,'','NO','','0000-00-00 00:00:00','0000-00-00 00:00:00'),(3,201206,5,'JUBILACION NACIONAL',NULL,'resultado = (codigo3 * 0.14) ;','resultado = (codigo3 * 0.14) ;','resultado = (codigo3 * 0.14) ;',11,'NO','NO',NULL,NULL,'','NO','','0000-00-00 00:00:00','0000-00-00 00:00:00'),(4,201206,6,'DECRETO 137/05',NULL,'resultado = (codigo3 * 0.02);','resultado = (codigo3 * 0.02);','resultado = (codigo3 * 0.02);',12,'NO','NO',NULL,NULL,'','NO','','0000-00-00 00:00:00','0000-00-00 00:00:00'),(5,201206,7,'JUBILACION PROVINCIAL',NULL,'resultado = (codigo3 * 0.16);','resultado = (codigo3 * 0.16);','resultado = (codigo3 * 0.16);',13,'NO','NO',NULL,NULL,'','NO','','0000-00-00 00:00:00','0000-00-00 00:00:00'),(6,201206,9,'OBRA SOCIAL 3%',NULL,'resultado = codigo3 * 0.03;','resultado = codigo3 * 0.03;','resultado = codigo3 * 0.03;',15,'NO','NO',NULL,NULL,'','NO','','0000-00-00 00:00:00','0000-00-00 00:00:00'),(7,201206,10,'OBRA SOCIAL SEROS 4%',NULL,'resultado = (codigo3 * 0.04);','resultado = (codigo3 * 0.04);','resultado = (codigo3 * 0.04);',16,'NO','NO',NULL,NULL,'','NO','','0000-00-00 00:00:00','0000-00-00 00:00:00'),(8,201206,11,'MINIMO OBRA SOCIAL SEROS',NULL,'resultado = 0;','resultado = 0;','resultado = 0;',17,'NO','SI',0,NULL,'','NO','','0000-00-00 00:00:00','0000-00-00 00:00:00'),(9,201206,12,'TOTAL NETO REMUNERATIVO',NULL,'resultado = codigo3 - (codigo5 + codigo6 + codigo7 + codigo9 + codigo10 + codigo11 + codigo1431 + codigo1405 + codigo1486);','resultado = codigo3 - (codigo5 + codigo6 + codigo7 + codigo9 + codigo10 + codigo11 + codigo1431 + codigo1405 + codigo1486);','resultado = codigo3 - (codigo5 + codigo6 + codigo7 + codigo9 + codigo10 + codigo11 + codigo1431 + codigo1405 + codigo1486);',21,'SI','NO',NULL,NULL,'','NO','','0000-00-00 00:00:00','0000-00-00 00:00:00'),(10,201206,13,'SALARIO FAMILIAR',NULL,'resultado = 0;','resultado = 0;','resultado = 0;',24,'NO','NO',NULL,NULL,'','NO','','0000-00-00 00:00:00','0000-00-00 00:00:00'),(11,201206,14,'TOTAL NO REMUNERATIVO',NULL,'resultado = (codigo1860 + codigo1873 + codigo13 + codigo1877);','resultado = (codigo1860 + codigo1873 + codigo13 + codigo1877);','resultado = (codigo1860 + codigo1873 + codigo13 + codigo1877);',26,'SI','NO',NULL,NULL,'','NO','','0000-00-00 00:00:00','0000-00-00 00:00:00'),(12,201206,15,'TOTAL A PAGAR',NULL,'resultado = (codigo12 + codigo14);','resultado = (codigo12 + codigo14);','resultado = (codigo12 + codigo14);',27,'SI','NO',NULL,NULL,'','NO','','0000-00-00 00:00:00','0000-00-00 00:00:00'),(13,201206,16,'APORTE PATRONAL NACIONAL ANSES',NULL,'resultado = codigo3 * 0.12;','resultado = codigo3 * 0.12;','resultado = codigo3 * 0.12;',28,'NO','NO',NULL,NULL,'','NO','','0000-00-00 00:00:00','0000-00-00 00:00:00'),(14,201206,17,'REDUCCION PACTO FISCAL',NULL,'resultado = codigo16 * 0.6;','resultado = codigo16 * 0.6;','resultado = codigo16 * 0.6;',29,'NO','NO',NULL,NULL,'','NO','','0000-00-00 00:00:00','0000-00-00 00:00:00'),(15,201206,18,'APORTE PATRONAL ISSYS',NULL,'resultado = codigo3 * 0.18;','resultado = codigo3 * 0.18;','resultado = codigo3 * 0.18;',30,'NO','NO',NULL,NULL,'','NO','','0000-00-00 00:00:00','0000-00-00 00:00:00'),(16,201206,19,'APORTE PATRONAL OSPLAD',NULL,'resultado = codigo3 * 0.06;','resultado = codigo3 * 0.06;','resultado = codigo3 * 0.06;',31,'NO','NO',NULL,NULL,'','NO','','0000-00-00 00:00:00','0000-00-00 00:00:00'),(17,201206,20,'APORTE PATRONAL SEROS',NULL,'resultado = codigo3 * 0.055;','resultado = codigo3 * 0.055;','resultado = codigo3 * 0.055;',32,'NO','NO',NULL,NULL,'','NO','','0000-00-00 00:00:00','0000-00-00 00:00:00'),(18,201206,21,'SUBTOTAL APORTES',NULL,'resultado = codigo16 - codigo17 + codigo18 + codigo19 + codigo20;','resultado = codigo16 - codigo17 + codigo18 + codigo19 + codigo20;','resultado = codigo16 - codigo17 + codigo18 + codigo19 + codigo20;',33,'SI','NO',NULL,NULL,'','NO','','0000-00-00 00:00:00','0000-00-00 00:00:00'),(19,201206,22,'RETENCION OBRA SOCIAL SEROS PERS',NULL,'resultado = codigo10;','resultado = codigo10;','resultado = codigo10;',34,'NO','NO',NULL,NULL,'','NO','','0000-00-00 00:00:00','0000-00-00 00:00:00'),(20,201206,23,'RETENCION OBRA SOCIAL SEROS PATR',NULL,'resultado = codigo20;','resultado = codigo20;','resultado = codigo20;',35,'NO','NO',NULL,NULL,'','NO','','0000-00-00 00:00:00','0000-00-00 00:00:00'),(21,201206,24,'SUBTOTAL RETENCIONES',NULL,'resultado = codigo22 + codigo23;','resultado = codigo22 + codigo23;','resultado = codigo22 + codigo23;',36,'SI','NO',NULL,NULL,'','NO','','0000-00-00 00:00:00','0000-00-00 00:00:00'),(22,201206,25,'TOTAL POR AGENTE',NULL,'resultado = codigo3 + codigo14 + codigo21 - codigo24;','resultado = codigo3 + codigo14 + codigo21 - codigo24;','resultado = codigo3 + codigo14 + codigo21 - codigo24;',37,'SI','NO',NULL,NULL,'','NO','','0000-00-00 00:00:00','0000-00-00 00:00:00'),(23,201206,1110,'SUELDO BASICO',NULL,'resultado = ((puntos_cargo * indice_cargo) * dias_trabajados) / 30;','resultado = (((puntos_cargo * indice_cargo) * horas_catedra) * dias_trabajados) / 30;','resultado = (((puntos_cargo * indice_cargo) * horas_catedra) * dias_trabajados) / 30;',1,'SI','NO',NULL,NULL,'','NO','','0000-00-00 00:00:00','0000-00-00 00:00:00'),(24,201206,1125,'ANTIGUEDAD',NULL,'resultado = (codigo1110 * codigo1) / 100;','resultado = (codigo1110 * codigo1) / 100;','resultado = (codigo1110 * codigo1) / 100;',3,'NO','NO',NULL,NULL,'','NO','','0000-00-00 00:00:00','0000-00-00 00:00:00'),(25,201206,1156,'ADICIONAL PRESENTISMO',NULL,'resultado = (125 * dias_trabajados) / 30;','resultado = ((4.66 * horas_catedra) * dias_trabajados) / 30;','resultado = ((4.66 * horas_catedra) * dias_trabajados) / 30;',5,'NO','NO',NULL,NULL,'','NO','','0000-00-00 00:00:00','0000-00-00 00:00:00'),(26,201206,1157,'PRESENTISMO',NULL,'resultado = (89.82 * dias_trabajados) / 30;','resultado = ((3.35 * horas_catedra) * dias_trabajados) / 30;','resultado = ((3.35 * horas_catedra) * dias_trabajados) / 30;',4,'NO','NO',NULL,NULL,'','NO','','0000-00-00 00:00:00','0000-00-00 00:00:00'),(27,201206,1195,'ADICIONAL LEY 5556',NULL,'resultado = ((87.5 * puntos_cargo) * dias_trabajados) / 30;','resultado = ((87.5 * puntos_cargo * horas_catedra) * dias_trabajados) / 30;','resultado = ((87.5 * puntos_cargo * horas_catedra) * dias_trabajados) / 30;',6,'NO','NO',NULL,NULL,'','NO','','0000-00-00 00:00:00','0000-00-00 00:00:00'),(28,201206,1405,'CUOTA INGRESO I.S.S.S',NULL,'resultado = 0;','resultado = 0;','resultado = 0;',19,'NO','SI',NULL,NULL,'','NO','','0000-00-00 00:00:00','0000-00-00 00:00:00'),(29,201206,1431,'CAJA COMPLEMENTARIA',NULL,'resultado = codigo3 * 0.045;','resultado = codigo3 * 0.045;','resultado = codigo3 * 0.045;',18,'NO','NO',NULL,NULL,'','NO','','0000-00-00 00:00:00','0000-00-00 00:00:00'),(30,201206,1486,'IMPUESTO A LAS GANANCIAS',NULL,'resultado = 0;','resultado = 0;','resultado = 0;',20,'NO','SI',NULL,NULL,'','NO','','0000-00-00 00:00:00','0000-00-00 00:00:00'),(31,201206,1860,'GASTOS DE UBICACION',NULL,'resultado = ubicacion_cargos;','resultado = ubicacion_horas * horas_catedra;','resultado = ubicacion_horas * horas_catedra;',22,'NO','NO',NULL,NULL,'','NO','','0000-00-00 00:00:00','0000-00-00 00:00:00'),(32,201206,1873,'ZONA PATAGONICA',NULL,'resultado = (zona * dias_trabajados) / 30;','resultado = (zona * dias_trabajados) / 30;','resultado = (zona * dias_trabajados) / 30;',23,'NO','NO',NULL,NULL,'','NO','','0000-00-00 00:00:00','0000-00-00 00:00:00'),(33,201206,1877,'PROPORCIONAL VACACIONES',NULL,'resultado = 0;','resultado = 0;','resultado = 0;',25,'NO','NO',NULL,NULL,'','NO','','0000-00-00 00:00:00','0000-00-00 00:00:00'),(34,201206,1899,'AJUSTE CENTAVOS',NULL,'resultado = 0;','resultado = 0;','resultado = 0;',7,'NO','NO',NULL,NULL,'','NO','','0000-00-00 00:00:00','0000-00-00 00:00:00'),(35,201407,1110,'SUELDO BASICO.................',NULL,'','','',0,'SI','NO',NULL,NULL,'','NO','','0000-00-00 00:00:00','0000-00-00 00:00:00'),(36,201407,1117,'ADIC.INTEG/SEC.JTA.CLASIF.....',NULL,'','','',0,'SI','NO',NULL,NULL,'','NO','','0000-00-00 00:00:00','0000-00-00 00:00:00'),(37,201407,1119,'ADIC.JEFE DEPTO CENT.CLASIF...',NULL,'','','',0,'SI','NO',NULL,NULL,'','NO','','0000-00-00 00:00:00','0000-00-00 00:00:00'),(38,201407,1120,'BONIF.POR TURNO..........39...',NULL,'','','',0,'SI','NO',NULL,NULL,'','NO','','0000-00-00 00:00:00','0000-00-00 00:00:00'),(39,201407,1123,'SUBROGANCIA...................',NULL,'','','',0,'SI','NO',NULL,NULL,'','NO','','0000-00-00 00:00:00','0000-00-00 00:00:00'),(40,201407,1125,'ANTIGUEDAD....................',NULL,'','','',0,'SI','NO',NULL,NULL,'','NO','','0000-00-00 00:00:00','0000-00-00 00:00:00'),(41,201407,1127,'JERARQUIA PROFESIONAL.........',NULL,'','','',0,'SI','NO',NULL,NULL,'','NO','','0000-00-00 00:00:00','0000-00-00 00:00:00'),(42,201407,1157,'PRESENTISMO...................',NULL,'','','',0,'SI','NO',NULL,NULL,'','NO','','0000-00-00 00:00:00','0000-00-00 00:00:00'),(43,201407,1158,'ADIC.REMUN.NO BONIFIC.....1...',NULL,'','','',0,'SI','NO',NULL,NULL,'','NO','','0000-00-00 00:00:00','0000-00-00 00:00:00'),(44,201407,1163,'ADIC.MAEST/DIREC.DE BIBLIOT...',NULL,'','','',0,'SI','NO',NULL,NULL,'','NO','','0000-00-00 00:00:00','0000-00-00 00:00:00'),(45,201407,1179,'DESC.PRESENT.DEL MES......6...',NULL,'','','',0,'SI','NO',NULL,NULL,'','NO','','0000-00-00 00:00:00','0000-00-00 00:00:00'),(46,201407,1180,'DESC.PRESENT.ANTERIOR....25...',NULL,'','','',0,'SI','NO',NULL,NULL,'','NO','','0000-00-00 00:00:00','0000-00-00 00:00:00'),(47,201407,1182,'ADIC.ABRIL................8...',NULL,'','','',0,'SI','NO',NULL,NULL,'','NO','','0000-00-00 00:00:00','0000-00-00 00:00:00'),(48,201407,1183,'ADIC.ABRIL................9...',NULL,'','','',0,'SI','NO',NULL,NULL,'','NO','','0000-00-00 00:00:00','0000-00-00 00:00:00'),(49,201407,1186,'ADIC.LEY 5197-ART5   000002...','764.95','','','',0,'SI','NO',NULL,NULL,'','NO','','0000-00-00 00:00:00','2014-07-07 12:02:09'),(50,201407,1187,'ADICIONAL EGB.................',NULL,'','','',0,'SI','NO',NULL,NULL,'','NO','','0000-00-00 00:00:00','0000-00-00 00:00:00'),(51,201407,1190,'INAS.POR INGRESO..............',NULL,'','','',0,'SI','NO',NULL,NULL,'','NO','','0000-00-00 00:00:00','0000-00-00 00:00:00'),(52,201407,1192,'ADIC.ABRIL...............10...',NULL,'','','',0,'SI','NO',NULL,NULL,'','NO','','0000-00-00 00:00:00','0000-00-00 00:00:00'),(53,201407,1200,'INASISTENCIA..............1...',NULL,'','','',0,'SI','NO',NULL,NULL,'','NO','','0000-00-00 00:00:00','0000-00-00 00:00:00'),(54,201407,1201,'INAS.ABRIL...............26...',NULL,'','','',0,'SI','NO',NULL,NULL,'','NO','','0000-00-00 00:00:00','0000-00-00 00:00:00'),(55,201407,1206,'OBLIGAC.ANTERIOR.........10...',NULL,'','','',0,'SI','NO',NULL,NULL,'','NO','','0000-00-00 00:00:00','0000-00-00 00:00:00'),(56,201407,1208,'NO PREST.LABOR.ANTERI....30...',NULL,'','','',0,'SI','NO',NULL,NULL,'','NO','','0000-00-00 00:00:00','0000-00-00 00:00:00'),(57,201407,1211,'HORAS EXTR.50% ANTERI....31...',NULL,'','','',0,'SI','NO',NULL,NULL,'','NO','','0000-00-00 00:00:00','0000-00-00 00:00:00'),(58,201407,1215,'HORAS EXTR.100% ANTER....33...',NULL,'','','',0,'SI','NO',NULL,NULL,'','NO','','0000-00-00 00:00:00','0000-00-00 00:00:00'),(59,201407,1223,'DS.N/TRAB.POR INGRESO.........',NULL,'','','',0,'SI','NO',NULL,NULL,'','NO','','0000-00-00 00:00:00','0000-00-00 00:00:00'),(60,201407,1233,'LIC.SIN SUELDO............6...',NULL,'','','',0,'SI','NO',NULL,NULL,'','NO','','0000-00-00 00:00:00','0000-00-00 00:00:00'),(61,201407,1240,'INICIO LIC.S/SUEL.ART.25......',NULL,'','','',0,'SI','NO',NULL,NULL,'','NO','','0000-00-00 00:00:00','0000-00-00 00:00:00'),(62,201407,1298,'DIAS N/TRAB.P/EGRESO..........',NULL,'','','',0,'SI','NO',NULL,NULL,'','NO','','0000-00-00 00:00:00','0000-00-00 00:00:00'),(63,201407,1300,'S.A.C.........................',NULL,'','','',0,'SI','NO',NULL,NULL,'','NO','','0000-00-00 00:00:00','0000-00-00 00:00:00'),(64,201407,1306,'AJUSTE S.A.C.............12...',NULL,'','','',0,'SI','NO',NULL,NULL,'','NO','','0000-00-00 00:00:00','0000-00-00 00:00:00'),(65,201407,1370,'REINT ADIC ABRIL.04.......4...',NULL,'','','',0,'SI','NO',NULL,NULL,'','NO','','0000-00-00 00:00:00','0000-00-00 00:00:00'),(66,201407,1371,'DIF ANTIG.................2...',NULL,'','','',0,'SI','NO',NULL,NULL,'','NO','','0000-00-00 00:00:00','0000-00-00 00:00:00'),(67,201407,1390,'S.A.C.........................',NULL,'','','',0,'SI','NO',NULL,NULL,'','NO','','0000-00-00 00:00:00','0000-00-00 00:00:00'),(68,201407,1396,'DIF SAC ANTIG.............3...',NULL,'','','',0,'SI','NO',NULL,NULL,'','NO','','0000-00-00 00:00:00','0000-00-00 00:00:00'),(69,201407,1402,'JUBILACION....................','-765.12','','','',0,'SI','NO',NULL,NULL,'','NO','','0000-00-00 00:00:00','2014-07-07 12:02:38'),(70,201407,1404,'S.E.R.O.S. TITULAR............','-218.60','','','',0,'SI','NO',NULL,NULL,'','NO','','0000-00-00 00:00:00','2014-07-07 12:03:09'),(71,201407,1405,'CUOTA INGRESO I.S.S.S.........',NULL,'','','',0,'SI','NO',NULL,NULL,'','NO','','0000-00-00 00:00:00','0000-00-00 00:00:00'),(72,201407,1408,'S.E.R.O.S. FAMILIAR...........',NULL,'','','',0,'SI','NO',NULL,NULL,'','NO','','0000-00-00 00:00:00','0000-00-00 00:00:00'),(73,201407,1410,'AP.PERS. S.E.R.O.S............',NULL,'','','',0,'SI','NO',NULL,NULL,'','NO','','0000-00-00 00:00:00','0000-00-00 00:00:00'),(74,201407,1412,'O.S.P.L.A.D. TITULAR..........',NULL,'','','',0,'SI','NO',NULL,NULL,'','NO','','0000-00-00 00:00:00','0000-00-00 00:00:00'),(75,201407,1414,'O.S.P.L.A.D.FAMILIAR..........',NULL,'','','',0,'SI','NO',NULL,NULL,'','NO','','0000-00-00 00:00:00','0000-00-00 00:00:00'),(76,201407,1416,'S.E.R.O.S. BENEFICIARIA.......',NULL,'','','',0,'SI','NO',NULL,NULL,'','NO','','0000-00-00 00:00:00','0000-00-00 00:00:00'),(77,201407,1418,'A.M.E.P. CUOTA................',NULL,'','','',0,'SI','NO',NULL,NULL,'','NO','','0000-00-00 00:00:00','0000-00-00 00:00:00'),(78,201407,1420,'S.O.Y.E.A.P...................',NULL,'','','',0,'SI','NO',NULL,NULL,'','NO','','0000-00-00 00:00:00','0000-00-00 00:00:00'),(79,201407,1422,'U.P.C.N.......................',NULL,'','','',0,'SI','NO',NULL,NULL,'','NO','','0000-00-00 00:00:00','0000-00-00 00:00:00'),(80,201407,1424,'SEG.VID.COL.OBLIGATORIO.......',NULL,'','','',0,'SI','NO',NULL,NULL,'','NO','','0000-00-00 00:00:00','0000-00-00 00:00:00'),(81,201407,1426,'SEG.VIDA ADICIONAL............',NULL,'','','',0,'SI','NO',NULL,NULL,'','NO','','0000-00-00 00:00:00','0000-00-00 00:00:00'),(82,201407,1430,'SEG.VIDA COL.FAMILIAR.........',NULL,'','','',0,'SI','NO',NULL,NULL,'','NO','','0000-00-00 00:00:00','0000-00-00 00:00:00'),(83,201407,1431,'CAJA COMPLEMENTARIA...........',NULL,'','','',0,'SI','NO',NULL,NULL,'','NO','','0000-00-00 00:00:00','0000-00-00 00:00:00'),(84,201407,1435,'A.T.E. COSEGURO...............',NULL,'','','',0,'SI','NO',NULL,NULL,'','NO','','0000-00-00 00:00:00','0000-00-00 00:00:00'),(85,201407,1440,'A.T.E.CH......................',NULL,'','','',0,'SI','NO',NULL,NULL,'','NO','','0000-00-00 00:00:00','0000-00-00 00:00:00'),(86,201407,1441,'CIRCULO DOCENTE CUOTA.........',NULL,'','','',0,'SI','NO',NULL,NULL,'','NO','','0000-00-00 00:00:00','0000-00-00 00:00:00'),(87,201407,1445,'S.E.R.O.S. OPCIONAL...........',NULL,'','','',0,'SI','NO',NULL,NULL,'','NO','','0000-00-00 00:00:00','0000-00-00 00:00:00'),(88,201407,1446,'DIEZMO PARTIDARIO.........1...',NULL,'','','',0,'SI','NO',NULL,NULL,'','NO','','0000-00-00 00:00:00','0000-00-00 00:00:00'),(89,201407,1449,'A.P.DE E.F....................',NULL,'','','',0,'SI','NO',NULL,NULL,'','NO','','0000-00-00 00:00:00','0000-00-00 00:00:00'),(90,201407,1451,'ASOC.EMPL.MESOP.(AEDM)........',NULL,'','','',0,'SI','NO',NULL,NULL,'','NO','','0000-00-00 00:00:00','0000-00-00 00:00:00'),(91,201407,1452,'SITRAED CUOTA SINDICAL........',NULL,'','','',0,'SI','NO',NULL,NULL,'','NO','','0000-00-00 00:00:00','0000-00-00 00:00:00'),(92,201407,1454,'A.T.E. CUOTA..................',NULL,'','','',0,'SI','NO',NULL,NULL,'','NO','','0000-00-00 00:00:00','0000-00-00 00:00:00'),(93,201407,1456,'U.D.A. UNION DOC.ARG..........',NULL,'','','',0,'SI','NO',NULL,NULL,'','NO','','0000-00-00 00:00:00','0000-00-00 00:00:00'),(94,201407,1457,'A.M.E.T. AS.MUT.CIENCIA Y T...',NULL,'','','',0,'SI','NO',NULL,NULL,'','NO','','0000-00-00 00:00:00','0000-00-00 00:00:00'),(95,201407,1458,'SOEME CUOTA...................',NULL,'','','',0,'SI','NO',NULL,NULL,'','NO','','0000-00-00 00:00:00','0000-00-00 00:00:00'),(96,201407,1460,'SOEME CUOTA ADHERENTE.........',NULL,'','','',0,'SI','NO',NULL,NULL,'','NO','','0000-00-00 00:00:00','0000-00-00 00:00:00'),(97,201407,1466,'OF 334/01.................2...',NULL,'','','',0,'SI','NO',NULL,NULL,'','NO','','0000-00-00 00:00:00','0000-00-00 00:00:00'),(98,201407,1468,'OF.4684-EX.2051...........2...',NULL,'','','',0,'SI','NO',NULL,NULL,'','NO','','0000-00-00 00:00:00','0000-00-00 00:00:00'),(99,201407,1480,'SEROS M.MIN. TITULAR',NULL,'','','',0,'SI','NO',NULL,NULL,'','NO','','0000-00-00 00:00:00','0000-00-00 00:00:00'),(100,201407,1481,'SEROS M.MIN. FAMILIAR',NULL,'','','',0,'SI','NO',NULL,NULL,'','NO','','0000-00-00 00:00:00','0000-00-00 00:00:00'),(101,201407,1482,'SEROS M.MIN. PERSONAL',NULL,'','','',0,'SI','NO',NULL,NULL,'','NO','','0000-00-00 00:00:00','0000-00-00 00:00:00'),(102,201407,1483,'SEROS M.MIN. BENEFIC.',NULL,'','','',0,'SI','NO',NULL,NULL,'','NO','','0000-00-00 00:00:00','0000-00-00 00:00:00'),(103,201407,1484,'SEROS M.MIN. OPCIONAL',NULL,'','','',0,'SI','NO',NULL,NULL,'','NO','','0000-00-00 00:00:00','0000-00-00 00:00:00'),(104,201407,1490,'OSPLAD MON.MIN.TITULA.....2...',NULL,'','','',0,'SI','NO',NULL,NULL,'','NO','','0000-00-00 00:00:00','0000-00-00 00:00:00'),(105,201407,1500,'IMP.GANANCIAS.............5...',NULL,'','','',0,'SI','NO',NULL,NULL,'','NO','','0000-00-00 00:00:00','0000-00-00 00:00:00'),(106,201407,1505,'SEROS DERIVAC.',NULL,'','','',0,'SI','NO',NULL,NULL,'','NO','','0000-00-00 00:00:00','0000-00-00 00:00:00'),(107,201407,1506,'SEROS COSEGURO',NULL,'','','',0,'SI','NO',NULL,NULL,'','NO','','0000-00-00 00:00:00','0000-00-00 00:00:00'),(108,201407,1509,'SEROS HIPOTECARIO........21...',NULL,'','','',0,'SI','NO',NULL,NULL,'','NO','','0000-00-00 00:00:00','0000-00-00 00:00:00'),(109,201407,1519,'ALIM.S/ASIG.FAMIL.........8...',NULL,'','','',0,'SI','NO',NULL,NULL,'','NO','','0000-00-00 00:00:00','0000-00-00 00:00:00'),(110,201407,1520,'REC. AMEP',NULL,'','','',0,'SI','NO',NULL,NULL,'','NO','','0000-00-00 00:00:00','0000-00-00 00:00:00'),(111,201407,1521,'REC. ATE',NULL,'','','',0,'SI','NO',NULL,NULL,'','NO','','0000-00-00 00:00:00','0000-00-00 00:00:00'),(112,201407,1523,'REC. UPCN',NULL,'','','',0,'SI','NO',NULL,NULL,'','NO','','0000-00-00 00:00:00','0000-00-00 00:00:00'),(113,201407,1546,'REC. ACTS',NULL,'','','',0,'SI','NO',NULL,NULL,'','NO','','0000-00-00 00:00:00','0000-00-00 00:00:00'),(114,201407,1547,'REC. S. JO',NULL,'','','',0,'SI','NO',NULL,NULL,'','NO','','0000-00-00 00:00:00','0000-00-00 00:00:00'),(115,201407,1560,'AMEP GASTOS          000194...',NULL,'','','',0,'SI','NO',NULL,NULL,'','NO','','0000-00-00 00:00:00','0000-00-00 00:00:00'),(116,201407,1561,'ATE  GASTOS          000197...',NULL,'','','',0,'SI','NO',NULL,NULL,'','NO','','0000-00-00 00:00:00','0000-00-00 00:00:00'),(117,201407,1563,'UPCN GASTOS          000198...',NULL,'','','',0,'SI','NO',NULL,NULL,'','NO','','0000-00-00 00:00:00','0000-00-00 00:00:00'),(118,201407,1575,'COOP. MCE PRESTA.    000197...',NULL,'','','',0,'SI','NO',NULL,NULL,'','NO','','0000-00-00 00:00:00','0000-00-00 00:00:00'),(119,201407,1580,'SOEME GASTOS         000198...',NULL,'','','',0,'SI','NO',NULL,NULL,'','NO','','0000-00-00 00:00:00','0000-00-00 00:00:00'),(120,201407,1584,'SITRAED GASTOS................',NULL,'','','',0,'SI','NO',NULL,NULL,'','NO','','0000-00-00 00:00:00','0000-00-00 00:00:00'),(121,201407,1586,'ACTS GASTOS          000196...',NULL,'','','',0,'SI','NO',NULL,NULL,'','NO','','0000-00-00 00:00:00','0000-00-00 00:00:00'),(122,201407,1587,'S.JOVEN - GASTOS     000192...',NULL,'','','',0,'SI','NO',NULL,NULL,'','NO','','0000-00-00 00:00:00','0000-00-00 00:00:00'),(123,201407,1588,'BANCO CH- PRESTAM    000198...',NULL,'','','',0,'SI','NO',NULL,NULL,'','NO','','0000-00-00 00:00:00','0000-00-00 00:00:00'),(124,201407,1800,'MATRIMONIO...............10...',NULL,'','','',0,'SI','NO',NULL,NULL,'','NO','','0000-00-00 00:00:00','0000-00-00 00:00:00'),(125,201407,1802,'NACIMIENTO................5...',NULL,'','','',0,'SI','NO',NULL,NULL,'','NO','','0000-00-00 00:00:00','0000-00-00 00:00:00'),(126,201407,1803,'PRENATAL......................',NULL,'','','',0,'SI','NO',NULL,NULL,'','NO','','0000-00-00 00:00:00','0000-00-00 00:00:00'),(127,201407,1804,'CONYUGE.......................',NULL,'','','',0,'SI','NO',NULL,NULL,'','NO','','0000-00-00 00:00:00','0000-00-00 00:00:00'),(128,201407,1805,'HIJO..........................',NULL,'','','',0,'SI','NO',NULL,NULL,'','NO','','0000-00-00 00:00:00','0000-00-00 00:00:00'),(129,201407,1806,'HIJO INCAPACITADO.............',NULL,'','','',0,'SI','NO',NULL,NULL,'','NO','','0000-00-00 00:00:00','0000-00-00 00:00:00'),(130,201407,1807,'ESC. NIVEL INICIAL............',NULL,'','','',0,'SI','NO',NULL,NULL,'','NO','','0000-00-00 00:00:00','0000-00-00 00:00:00'),(131,201407,1808,'ESC. EGB1/EGB2................',NULL,'','','',0,'SI','NO',NULL,NULL,'','NO','','0000-00-00 00:00:00','0000-00-00 00:00:00'),(132,201407,1809,'ESC. EGB3.....................',NULL,'','','',0,'SI','NO',NULL,NULL,'','NO','','0000-00-00 00:00:00','0000-00-00 00:00:00'),(133,201407,1810,'ESC. POLI/MED/SUP.............',NULL,'','','',0,'SI','NO',NULL,NULL,'','NO','','0000-00-00 00:00:00','0000-00-00 00:00:00'),(134,201407,1813,'ESC.INIC.HIJO INCAPAC.........',NULL,'','','',0,'SI','NO',NULL,NULL,'','NO','','0000-00-00 00:00:00','0000-00-00 00:00:00'),(135,201407,1814,'EGB1/2 HIJO INCAPACITADO......',NULL,'','','',0,'SI','NO',NULL,NULL,'','NO','','0000-00-00 00:00:00','0000-00-00 00:00:00'),(136,201407,1815,'EGB3 HIJO INCAPACITADO........',NULL,'','','',0,'SI','NO',NULL,NULL,'','NO','','0000-00-00 00:00:00','0000-00-00 00:00:00'),(137,201407,1816,'POL/MED/SUP INCAPACITADO......',NULL,'','','',0,'SI','NO',NULL,NULL,'','NO','','0000-00-00 00:00:00','0000-00-00 00:00:00'),(138,201407,1819,'FAMILIA NUMEROSA..............',NULL,'','','',0,'SI','NO',NULL,NULL,'','NO','','0000-00-00 00:00:00','0000-00-00 00:00:00'),(139,201407,1820,'FAMILIA NUM.H.INCAPAC.....4...',NULL,'','','',0,'SI','NO',NULL,NULL,'','NO','','0000-00-00 00:00:00','0000-00-00 00:00:00'),(140,201407,1821,'FAMILIAR A CARGO..............',NULL,'','','',0,'SI','NO',NULL,NULL,'','NO','','0000-00-00 00:00:00','0000-00-00 00:00:00'),(141,201407,1822,'AYUDA ESC.OBLIGATORIA.....4...',NULL,'','','',0,'SI','NO',NULL,NULL,'','NO','','0000-00-00 00:00:00','0000-00-00 00:00:00'),(142,201407,1824,'AYUDA ESC.HIJO INCAP......9...',NULL,'','','',0,'SI','NO',NULL,NULL,'','NO','','0000-00-00 00:00:00','0000-00-00 00:00:00'),(143,201407,1830,'PENSION POR FAMILIAR A CARG...',NULL,'','','',0,'SI','NO',NULL,NULL,'','NO','','0000-00-00 00:00:00','0000-00-00 00:00:00'),(144,201407,1852,'AJUSTE ASIG.FLIAR........13...',NULL,'','','',0,'SI','NO',NULL,NULL,'','NO','','0000-00-00 00:00:00','0000-00-00 00:00:00'),(145,201407,1853,'DTO.PROP.ASIG.FLIAR...........',NULL,'','','',0,'SI','NO',NULL,NULL,'','NO','','0000-00-00 00:00:00','0000-00-00 00:00:00'),(146,201407,1860,'GASTOS DE UBICACION...........',NULL,'','','',0,'SI','NO',NULL,NULL,'','NO','','0000-00-00 00:00:00','0000-00-00 00:00:00'),(147,201407,1862,'5 DS LIC/04...............1...',NULL,'','','',0,'SI','NO',NULL,NULL,'','NO','','0000-00-00 00:00:00','0000-00-00 00:00:00'),(148,201407,1867,'U.GOG.DIAS NO TRABAJADOS......',NULL,'','','',0,'SI','NO',NULL,NULL,'','NO','','0000-00-00 00:00:00','0000-00-00 00:00:00'),(149,201407,1877,'PROP.VACACIONES...............',NULL,'','','',0,'SI','NO',NULL,NULL,'','NO','','0000-00-00 00:00:00','0000-00-00 00:00:00'),(150,201407,1895,'DES.DEV.Nø14..............4...',NULL,'','','',0,'SI','NO',NULL,NULL,'','NO','','0000-00-00 00:00:00','0000-00-00 00:00:00'),(151,201407,1899,'AJUSTE CENTAVOS...............','-0.39','','','',0,'SI','NO',NULL,NULL,'','NO','','0000-00-00 00:00:00','2014-07-07 12:05:02'),(152,201407,2700,'APORTE PATRONAL S.E.R.O.S.....',NULL,'','','',0,'SI','NO',NULL,NULL,'','NO','','0000-00-00 00:00:00','0000-00-00 00:00:00'),(153,201407,2702,'PATRONAL M.MIN.',NULL,'','','',0,'SI','NO',NULL,NULL,'','NO','','0000-00-00 00:00:00','0000-00-00 00:00:00'),(154,201407,2704,'APORTE PATRONAL JUBILATORIO...',NULL,'','','',0,'SI','NO',NULL,NULL,'','NO','','0000-00-00 00:00:00','0000-00-00 00:00:00'),(155,201407,2708,'APORTE PATRONAL O.S.P.L.A.D...',NULL,'','','',0,'SI','NO',NULL,NULL,'','NO','','0000-00-00 00:00:00','0000-00-00 00:00:00'),(156,201407,2790,'ARANCEL 1% DTO.96/2001',NULL,'','','',0,'SI','NO',NULL,NULL,'','NO','','0000-00-00 00:00:00','0000-00-00 00:00:00'),(157,201407,2800,'TOTAL HABERES.................',NULL,'','','',0,'SI','NO',NULL,NULL,'','NO','','0000-00-00 00:00:00','0000-00-00 00:00:00'),(158,201407,2801,'TOTAL DESCUENTOS..............',NULL,'','','',0,'SI','NO',NULL,NULL,'','NO','','0000-00-00 00:00:00','0000-00-00 00:00:00'),(159,201407,2802,'NETO..........................',NULL,'','','',0,'SI','NO',NULL,NULL,'','NO','','0000-00-00 00:00:00','0000-00-00 00:00:00'),(160,201407,2808,'HORAS CATEDRA',NULL,'','','',0,'SI','NO',NULL,NULL,'','NO','','0000-00-00 00:00:00','0000-00-00 00:00:00'),(161,201407,1486,'IMPUESTO A LAS GANANCIAS',NULL,'','','',0,'SI','NO',NULL,NULL,'','NO','','0000-00-00 00:00:00','0000-00-00 00:00:00'),(162,201407,1121,'HABERES FERIADO',NULL,'','','',0,'SI','NO',NULL,NULL,'','NO','','0000-00-00 00:00:00','0000-00-00 00:00:00'),(163,201407,1156,'PRESENTISMO LEY 5421',NULL,'','','',0,'SI','NO',NULL,NULL,'','NO','','0000-00-00 00:00:00','0000-00-00 00:00:00'),(164,201407,1207,'NO PRESTACION LABORAL',NULL,'','','',0,'SI','NO',NULL,NULL,'','NO','','0000-00-00 00:00:00','0000-00-00 00:00:00'),(165,201407,1212,'PARO ANTERIOR',NULL,'','','',0,'SI','NO',NULL,NULL,'','NO','','0000-00-00 00:00:00','0000-00-00 00:00:00'),(166,201407,1213,'PARO ACTUAL',NULL,'','','',0,'SI','NO',NULL,NULL,'','NO','','0000-00-00 00:00:00','0000-00-00 00:00:00'),(167,201407,1236,'LICENCIA AL 50%',NULL,'','','',0,'SI','NO',NULL,NULL,'','NO','','0000-00-00 00:00:00','0000-00-00 00:00:00'),(168,201407,1397,'LEY 3922/93-5421/05',NULL,'','','',0,'SI','NO',NULL,NULL,'','NO','','0000-00-00 00:00:00','0000-00-00 00:00:00'),(169,201407,1513,'INF. DEV. INCENTIVO DOCENTE',NULL,'','','',0,'SI','NO',NULL,NULL,'','NO','','0000-00-00 00:00:00','0000-00-00 00:00:00'),(170,201407,1195,'ADIC. LEY 5556',NULL,'','','',0,'SI','NO',NULL,NULL,'','NO','','0000-00-00 00:00:00','0000-00-00 00:00:00'),(171,201407,1196,'ADIC. LEY 5556 Lic s/sdo',NULL,'','','',0,'SI','NO',NULL,NULL,'','NO','','0000-00-00 00:00:00','0000-00-00 00:00:00'),(172,201407,1197,'ADIC. LEY 5421 Est. Doc.',NULL,'','','',0,'SI','NO',NULL,NULL,'','NO','','0000-00-00 00:00:00','0000-00-00 00:00:00'),(173,201407,1171,'BASICO PROP. LIC. S/SUELDO',NULL,'','','',0,'SI','NO',NULL,NULL,'','NO','','0000-00-00 00:00:00','0000-00-00 00:00:00'),(174,201407,1173,'PRES. LEY 5421 LIC. S/SUELDO',NULL,'','','',0,'SI','NO',NULL,NULL,'','NO','','0000-00-00 00:00:00','0000-00-00 00:00:00'),(175,201407,1175,'ANTIG. PROP. LIC. S/SUELDO',NULL,'','','',0,'SI','NO',NULL,NULL,'','NO','','0000-00-00 00:00:00','0000-00-00 00:00:00'),(176,201407,1176,'PRESENT. PROP. LIC. S/SUELDO',NULL,'','','',0,'SI','NO',NULL,NULL,'','NO','','0000-00-00 00:00:00','0000-00-00 00:00:00'),(177,201407,1395,'DIFERENCIA DE S.A.C.',NULL,'','','',0,'SI','NO',NULL,NULL,'','NO','','0000-00-00 00:00:00','0000-00-00 00:00:00'),(178,201407,1442,'A. C. TIERRA SUR CUOTA',NULL,'','','',0,'SI','NO',NULL,NULL,'','NO','','0000-00-00 00:00:00','0000-00-00 00:00:00'),(179,201407,1444,'A. M. UNION FEDERAL',NULL,'','','',0,'SI','NO',NULL,NULL,'','NO','','0000-00-00 00:00:00','0000-00-00 00:00:00'),(180,201407,1453,'A.M.A.SE.CH. CUOTA SOCIAL',NULL,'','','',0,'SI','NO',NULL,NULL,'','NO','','0000-00-00 00:00:00','0000-00-00 00:00:00'),(181,201407,1465,'MUTUAL SIEMPRE JOVEN',NULL,'','','',0,'SI','NO',NULL,NULL,'','NO','','0000-00-00 00:00:00','0000-00-00 00:00:00'),(182,201407,1531,'A. C. TIERRA SUR RECLAMOS',NULL,'','','',0,'SI','NO',NULL,NULL,'','NO','','0000-00-00 00:00:00','0000-00-00 00:00:00'),(183,201407,1571,'MAL DE CHAGAS GASTOS',NULL,'','','',0,'SI','NO',NULL,NULL,'','NO','','0000-00-00 00:00:00','0000-00-00 00:00:00'),(184,201407,1582,'A.M.A.SE.CH. PRESTAMOS',NULL,'','','',0,'SI','NO',NULL,NULL,'','NO','','0000-00-00 00:00:00','0000-00-00 00:00:00'),(185,201407,1589,'A. M. UNION FEDERAL PRESTAMOS',NULL,'','','',0,'SI','NO',NULL,NULL,'','NO','','0000-00-00 00:00:00','0000-00-00 00:00:00'),(186,201407,1825,'ASIGNACION FAMILIAR DOBLE ENERO',NULL,'','','',0,'SI','NO',NULL,NULL,'','NO','','0000-00-00 00:00:00','0000-00-00 00:00:00'),(187,201407,1464,'A. M. 20 DE MAYO CUOTA SOCIAL',NULL,'','','',0,'SI','NO',NULL,NULL,'','NO','','0000-00-00 00:00:00','0000-00-00 00:00:00'),(188,201407,1507,'SEROS TURISMO',NULL,'','','',0,'SI','NO',NULL,NULL,'','NO','','0000-00-00 00:00:00','0000-00-00 00:00:00'),(189,201407,1537,'A. M. 20 DE MAYO ANTERIOR',NULL,'','','',0,'SI','NO',NULL,NULL,'','NO','','0000-00-00 00:00:00','0000-00-00 00:00:00'),(190,201407,1305,'DIFERENCIA DE SAC',NULL,'','','',0,'SI','NO',NULL,NULL,'','NO','','0000-00-00 00:00:00','0000-00-00 00:00:00'),(191,201407,1581,'CIRCULO DOCENTE PRESTAMOS',NULL,'','','',0,'SI','NO',NULL,NULL,'','NO','','0000-00-00 00:00:00','0000-00-00 00:00:00'),(192,201407,1817,'CONYUGE DISCAPACITADO',NULL,'','','',0,'SI','NO',NULL,NULL,'','NO','','0000-00-00 00:00:00','0000-00-00 00:00:00'),(193,201407,1579,'SOEME PRESTAMO',NULL,'','','',0,'SI','NO',NULL,NULL,'','NO','','0000-00-00 00:00:00','0000-00-00 00:00:00'),(194,201407,1549,'A. M. UNION FEDERAL RECLAMOS',NULL,'','','',0,'SI','NO',NULL,NULL,'','NO','','0000-00-00 00:00:00','0000-00-00 00:00:00'),(195,201407,1542,'A.M.A.SE.CH. RECLAMOS',NULL,'','','',0,'SI','NO',NULL,NULL,'','NO','','0000-00-00 00:00:00','0000-00-00 00:00:00'),(196,201407,1590,'A. M. UNO - PRESTAMOS',NULL,'','','',0,'SI','NO',NULL,NULL,'','NO','','0000-00-00 00:00:00','0000-00-00 00:00:00'),(197,201407,1577,'A. M. 20 DE MAYO GASTOS',NULL,'','','',0,'SI','NO',NULL,NULL,'','NO','','0000-00-00 00:00:00','0000-00-00 00:00:00'),(198,201407,1510,'I.P.V. Y D.U. HIPOTECA',NULL,'','','',0,'SI','NO',NULL,NULL,'','NO','','0000-00-00 00:00:00','0000-00-00 00:00:00'),(199,201407,1191,'INASISTENCIA POR INGRESO S/PROP.',NULL,'','','',0,'SI','NO',NULL,NULL,'','NO','','0000-00-00 00:00:00','0000-00-00 00:00:00'),(200,201407,1565,'ATECH GASTOS',NULL,'','','',0,'SI','NO',NULL,NULL,'','NO','','0000-00-00 00:00:00','0000-00-00 00:00:00'),(201,201407,1865,'UBIC. GEOGRAFICA ART. 25',NULL,'','','',0,'SI','NO',NULL,NULL,'','NO','','0000-00-00 00:00:00','0000-00-00 00:00:00'),(202,201407,1548,'BANCO CHUBUT RECLAMOS',NULL,'','','',0,'SI','NO',NULL,NULL,'','NO','','0000-00-00 00:00:00','0000-00-00 00:00:00'),(203,201407,1539,'SOEME PRESTAMO ANTERIOR',NULL,'','','',0,'SI','NO',NULL,NULL,'','NO','','0000-00-00 00:00:00','0000-00-00 00:00:00'),(204,201407,1554,'CIRCULO POLICIAL PRESTAMO',NULL,'','','',0,'SI','NO',NULL,NULL,'','NO','','0000-00-00 00:00:00','0000-00-00 00:00:00'),(205,201407,1818,'FAMILIAR A CARGO DISCAPACITADO',NULL,'','','',0,'SI','NO',NULL,NULL,'','NO','','0000-00-00 00:00:00','0000-00-00 00:00:00'),(206,201407,1896,'SUBSIDIO P/FALLECIMIENTO',NULL,'','','',0,'SI','NO',NULL,NULL,'','NO','','0000-00-00 00:00:00','0000-00-00 00:00:00'),(207,201407,1552,'A. M. UNO',NULL,'','','',0,'SI','NO',NULL,NULL,'','NO','','0000-00-00 00:00:00','0000-00-00 00:00:00'),(208,201407,1562,'SOYEAP GASTOS',NULL,'','','',0,'SI','NO',NULL,NULL,'','NO','','0000-00-00 00:00:00','0000-00-00 00:00:00'),(209,201407,1299,'INASISTENCIA POR EGRESO S/PROP.',NULL,'','','',0,'SI','NO',NULL,NULL,'','NO','','0000-00-00 00:00:00','0000-00-00 00:00:00'),(210,201407,1801,'ADOPCION',NULL,'','','',0,'SI','NO',NULL,NULL,'','NO','','0000-00-00 00:00:00','0000-00-00 00:00:00'),(211,201407,1398,'DIF. ANTIGUEDAD ó BASICO ó JERARQUIA   JUL. 07',NULL,'','','',0,'SI','NO',NULL,NULL,'','NO','','0000-00-00 00:00:00','0000-00-00 00:00:00'),(212,201407,1144,'ADIC. ANTIGUEDAD..............',NULL,'','','',0,'SI','NO',NULL,NULL,'','NO','','0000-00-00 00:00:00','0000-00-00 00:00:00'),(213,201407,1450,'ASOCIACION MUTUAL UNO.........',NULL,'','','',0,'SI','NO',NULL,NULL,'','NO','','0000-00-00 00:00:00','0000-00-00 00:00:00'),(214,201407,1525,'REC. ATCH',NULL,'','','',0,'SI','NO',NULL,NULL,'','NO','','0000-00-00 00:00:00','0000-00-00 00:00:00'),(215,201407,1544,'REC. SITR',NULL,'','','',0,'SI','NO',NULL,NULL,'','NO','','0000-00-00 00:00:00','0000-00-00 00:00:00'),(216,201407,1555,'CIR.POL - PROV. VA',NULL,'','','',0,'SI','NO',NULL,NULL,'','NO','','0000-00-00 00:00:00','0000-00-00 00:00:00'),(217,201407,1898,'DS.NO TRAB.P/EGRESO S/AP......',NULL,'','','',0,'SI','NO',NULL,NULL,'','NO','','0000-00-00 00:00:00','0000-00-00 00:00:00'),(218,201407,1883,'INTERESES POR MORA ó INTERESES/01/02/03 SAC',NULL,'','','',0,'SI','NO',NULL,NULL,'','NO','','0000-00-00 00:00:00','0000-00-00 00:00:00'),(219,201407,1514,'REC. C. P. PRE',NULL,'','','',0,'SI','NO',NULL,NULL,'','NO','','0000-00-00 00:00:00','0000-00-00 00:00:00'),(220,201407,1515,'REC. C. P. PRO',NULL,'','','',0,'SI','NO',NULL,NULL,'','NO','','0000-00-00 00:00:00','0000-00-00 00:00:00'),(221,201407,1892,'DESC.ADELANTO 15 DS.......5...',NULL,'','','',0,'SI','NO',NULL,NULL,'','NO','','0000-00-00 00:00:00','0000-00-00 00:00:00'),(222,201407,1122,'ANT. ENERO',NULL,'','','',0,'SI','NO',NULL,NULL,'','NO','','0000-00-00 00:00:00','0000-00-00 00:00:00'),(223,201407,1541,'REC. CIRC',NULL,'','','',0,'SI','NO',NULL,NULL,'','NO','','0000-00-00 00:00:00','0000-00-00 00:00:00'),(224,201407,1469,'CUOTA ALIM.S/SAC',NULL,'','','',0,'SI','NO',NULL,NULL,'','NO','','0000-00-00 00:00:00','0000-00-00 00:00:00'),(225,201407,1485,'EMBARGO S/SAC',NULL,'','','',0,'SI','NO',NULL,NULL,'','NO','','0000-00-00 00:00:00','0000-00-00 00:00:00'),(226,201407,1897,'DS. NO TR. P/INGRESO. S/APTES',NULL,'','','',0,'SI','NO',NULL,NULL,'','NO','','0000-00-00 00:00:00','0000-00-00 00:00:00'),(227,201407,1393,'DES. LEY 5421/05 S/SAC',NULL,'','','',0,'SI','NO',NULL,NULL,'','NO','','0000-00-00 00:00:00','0000-00-00 00:00:00'),(228,201407,1556,'REVISTA POLICIAL     000197...',NULL,'','','',0,'SI','NO',NULL,NULL,'','NO','','0000-00-00 00:00:00','0000-00-00 00:00:00'),(229,201407,1224,'INAS. INGRESO S/PROPORC........',NULL,'','','',0,'SI','NO',NULL,NULL,'','NO','','0000-00-00 00:00:00','0000-00-00 00:00:00'),(230,201407,1489,'CUOTA ALIM.(TOT.HAB-D.....3...',NULL,'','','',0,'SI','NO',NULL,NULL,'','NO','','0000-00-00 00:00:00','0000-00-00 00:00:00'),(231,201407,1873,'ZONA PATAGONICA',NULL,'','','',0,'SI','NO',NULL,NULL,'','NO','','0000-00-00 00:00:00','0000-00-00 00:00:00'),(232,201407,1198,'ADICIONAL MAESTRO    000001...',NULL,'','','',0,'SI','NO',NULL,NULL,'','NO','','0000-00-00 00:00:00','0000-00-00 00:00:00'),(233,201407,1893,'DEVOL. DE HABERES',NULL,'','','',0,'SI','NO',NULL,NULL,'','NO','','0000-00-00 00:00:00','0000-00-00 00:00:00'),(234,201407,1109,'CONTRATOS.................1','4700.16','','','',0,'SI','NO',NULL,NULL,'','NO','','0000-00-00 00:00:00','2014-07-07 12:01:33'),(235,201407,2701,'APORTE PATRONAL SEROS VITAL...',NULL,'','','',0,'SI','NO',NULL,NULL,'','NO','','0000-00-00 00:00:00','0000-00-00 00:00:00'),(236,201407,1887,'DEVOL. DE HABERES',NULL,'','','',0,'SI','NO',NULL,NULL,'','NO','','0000-00-00 00:00:00','0000-00-00 00:00:00'),(237,201407,1518,'CUOTA ALIM. S/SAC-DESC',NULL,'','','',0,'SI','NO',NULL,NULL,'','NO','','0000-00-00 00:00:00','0000-00-00 00:00:00'),(238,201407,1888,'AJU. ART. 19 LEY 5769','1300.00','','','',0,'SI','NO',NULL,NULL,'','NO','','0000-00-00 00:00:00','2014-07-07 12:04:31'),(239,201407,1545,'REC.AESE             000198...',NULL,'','','',0,'SI','NO',NULL,NULL,'','NO','','0000-00-00 00:00:00','0000-00-00 00:00:00'),(240,201407,1234,'LIC.S/SUEL.S/APORTE.......5...',NULL,'','','',0,'SI','NO',NULL,NULL,'','NO','','0000-00-00 00:00:00','0000-00-00 00:00:00'),(241,201407,1557,'SITRAVICH PRESTAMOS...........',NULL,'','','',0,'SI','NO',NULL,NULL,'','NO','','0000-00-00 00:00:00','0000-00-00 00:00:00'),(242,201407,1406,'DEDU.SALAR.EMERGENCIA.........',NULL,'','','',0,'SI','NO',NULL,NULL,'','NO','','0000-00-00 00:00:00','0000-00-00 00:00:00'),(243,201407,1429,'SEGUROS AJUSTE 5/09  000001...',NULL,'','','',0,'SI','NO',NULL,NULL,'','NO','','0000-00-00 00:00:00','0000-00-00 00:00:00'),(244,201407,1462,'SEROS - SEGURO TRASPLANTE...','-10.00','','','',0,'SI','NO',NULL,NULL,'','NO','','0000-00-00 00:00:00','2014-07-07 12:03:51'),(245,201407,2711,'APORTE PAT-SEROS TRASPLANTE...',NULL,'','','',0,'SI','NO',NULL,NULL,'','NO','','0000-00-00 00:00:00','0000-00-00 00:00:00'),(246,201407,1585,'ASOC.EMP.SIP.ESQ.    000198...',NULL,'','','',0,'SI','NO',NULL,NULL,'','NO','','0000-00-00 00:00:00','0000-00-00 00:00:00'),(247,201407,1463,'SEROS SEG.TRASP.ADICIONAL',NULL,'','','',0,'SI','NO',NULL,NULL,'','NO','','0000-00-00 00:00:00','0000-00-00 00:00:00'),(248,201407,1660,'PATAG. SUR- PREST    000198...',NULL,'','','',0,'SI','NO',NULL,NULL,'','NO','','0000-00-00 00:00:00','0000-00-00 00:00:00'),(249,201407,1407,'MUTUAL PATAGONIA SUR..........',NULL,'','','',0,'SI','NO',NULL,NULL,'','NO','','0000-00-00 00:00:00','0000-00-00 00:00:00'),(250,201407,1241,'LIC.ART.25 ANTERIOR.......5...',NULL,'','','',0,'SI','NO',NULL,NULL,'','NO','','0000-00-00 00:00:00','0000-00-00 00:00:00'),(251,201407,1172,'TURNO PROP.LIC.S/SUELDO.......',NULL,'','','',0,'SI','NO',NULL,NULL,'','NO','','0000-00-00 00:00:00','0000-00-00 00:00:00'),(252,201407,1630,'REC.PATAG.SUR        000195...',NULL,'','','',0,'SI','NO',NULL,NULL,'','NO','','0000-00-00 00:00:00','0000-00-00 00:00:00'),(253,201407,1891,'ASIG.PASAJ/VIATICOS',NULL,'','','',0,'SI','NO',NULL,NULL,'','NO','','0000-00-00 00:00:00','0000-00-00 00:00:00'),(254,201407,1194,'REINT.PRE.JUL.............6...',NULL,'','','',0,'SI','NO',NULL,NULL,'','NO','','0000-00-00 00:00:00','0000-00-00 00:00:00'),(255,201407,1238,'5B SEPT/10...............11...',NULL,'','','',0,'SI','NO',NULL,NULL,'','NO','','0000-00-00 00:00:00','0000-00-00 00:00:00'),(256,201407,1504,'VIATICOS..................2...',NULL,'','','',0,'SI','NO',NULL,NULL,'','NO','','0000-00-00 00:00:00','0000-00-00 00:00:00'),(257,201407,1863,'MOVILIDAD',NULL,'','','',0,'SI','NO',NULL,NULL,'','NO','','0000-00-00 00:00:00','0000-00-00 00:00:00'),(258,201407,1237,'LICENCIA AL 50% SIN APORTE',NULL,'','','',0,'SI','NO',NULL,NULL,'','NO','','0000-00-00 00:00:00','0000-00-00 00:00:00'),(259,201407,1602,'AYUD.ESC.................12...',NULL,'','','',0,'SI','NO',NULL,NULL,'','NO','','0000-00-00 00:00:00','0000-00-00 00:00:00'),(260,201407,1662,'ASOC.EMP.SALUD PRESTAMOS......',NULL,'','','',0,'SI','NO',NULL,NULL,'','NO','','0000-00-00 00:00:00','0000-00-00 00:00:00'),(261,201407,1270,'VIATICO DE CAMPAÑA......231...',NULL,'','','',0,'SI','NO',NULL,NULL,'','NO','','0000-00-00 00:00:00','0000-00-00 00:00:00'),(262,201407,1501,'AJUSTE IMP.GAN. 2010',NULL,'','','',0,'SI','NO',NULL,NULL,'','NO','','0000-00-00 00:00:00','0000-00-00 00:00:00'),(263,201407,1872,'ADIC.RECURSOS MATERI  ó  ADI.NO REM.NO BON.',NULL,'','','',0,'SI','NO',NULL,NULL,'','NO','','0000-00-00 00:00:00','0000-00-00 00:00:00'),(264,201407,1855,'AD.CARGO DIRECTIVO............',NULL,'','','',0,'SI','NO',NULL,NULL,'','NO','','0000-00-00 00:00:00','0000-00-00 00:00:00'),(265,201407,1210,'HS.EXT.SEP/2011...........1...',NULL,'','','',0,'SI','NO',NULL,NULL,'','NO','','0000-00-00 00:00:00','0000-00-00 00:00:00'),(266,201407,1428,'SEG.VIDA FACUL.ACCID.PERSON...',NULL,'','','',0,'SI','NO',NULL,NULL,'','NO','','0000-00-00 00:00:00','0000-00-00 00:00:00'),(267,201407,1857,'GASTOS MOVILIDAD ART.25.......',NULL,'','','',0,'SI','NO',NULL,NULL,'','NO','','0000-00-00 00:00:00','0000-00-00 00:00:00'),(268,201407,1663,'AMEPA     - PREST    000197...',NULL,'','','',0,'SI','NO',NULL,NULL,'','NO','','0000-00-00 00:00:00','0000-00-00 00:00:00'),(269,201407,1607,'ATE CCT.......................',NULL,'','','',0,'SI','NO',NULL,NULL,'','NO','','0000-00-00 00:00:00','0000-00-00 00:00:00'),(270,201407,1608,'UPCN CCT......................',NULL,'','','',0,'SI','NO',NULL,NULL,'','NO','','0000-00-00 00:00:00','0000-00-00 00:00:00'),(271,201407,1874,'ADIC.CATEG.IV.................',NULL,'','','',0,'SI','NO',NULL,NULL,'','NO','','0000-00-00 00:00:00','0000-00-00 00:00:00'),(272,201407,1291,'HAB.C/APTES.LIQUIDADOS  ......',NULL,'','','',0,'SI','NO',NULL,NULL,'','NO','','0000-00-00 00:00:00','0000-00-00 00:00:00'),(273,201407,1609,'ATE USO DE CCT N..............',NULL,'','','',0,'SI','NO',NULL,NULL,'','NO','','0000-00-00 00:00:00','0000-00-00 00:00:00'),(274,201407,1493,'SITRAVICH.....................',NULL,'','','',0,'SI','NO',NULL,NULL,'','NO','','0000-00-00 00:00:00','0000-00-00 00:00:00'),(275,201407,1633,'REC. A.M.E.P.A       000198...',NULL,'','','',0,'SI','NO',NULL,NULL,'','NO','','0000-00-00 00:00:00','0000-00-00 00:00:00'),(276,201407,1474,'VIVIENDA OFICIAL..........7...',NULL,'','','',0,'SI','NO',NULL,NULL,'','NO','','0000-00-00 00:00:00','0000-00-00 00:00:00'),(277,201407,1879,'DESC.OBLIG.S/APTES............',NULL,'','','',0,'SI','NO',NULL,NULL,'','NO','','0000-00-00 00:00:00','0000-00-00 00:00:00'),(278,201407,1603,'AMEPA CUOTA SOCIAL............',NULL,'','','',0,'SI','NO',NULL,NULL,'','NO','','0000-00-00 00:00:00','0000-00-00 00:00:00'),(279,201407,1372,'DEV.NO PREST.LAB.    000001...',NULL,'','','',0,'SI','NO',NULL,NULL,'','NO','','0000-00-00 00:00:00','0000-00-00 00:00:00'),(280,201407,1856,'CARGO DIREC.ART.25............',NULL,'','','',0,'SI','NO',NULL,NULL,'','NO','','0000-00-00 00:00:00','0000-00-00 00:00:00'),(281,201407,1282,'A CTA.FUTURO AUMENTO..........',NULL,'','','',0,'SI','NO',NULL,NULL,'','NO','','0000-00-00 00:00:00','0000-00-00 00:00:00'),(282,201407,1145,'GUARDIAS P.E.P............2...',NULL,'','','',0,'SI','NO',NULL,NULL,'','NO','','0000-00-00 00:00:00','0000-00-00 00:00:00');
/*!40000 ALTER TABLE `conceptos` ENABLE KEYS */;
UNLOCK TABLES;

--
-- Table structure for table `agentes`
--

DROP TABLE IF EXISTS `agentes`;
/*!40101 SET @saved_cs_client     = @@character_set_client */;
/*!40101 SET character_set_client = utf8 */;
CREATE TABLE `agentes` (
  `id` int(11) NOT NULL AUTO_INCREMENT,
  `dni` int(11) DEFAULT NULL,
  `apellido` varchar(255) COLLATE utf8_unicode_ci DEFAULT NULL,
  `nombre` varchar(255) COLLATE utf8_unicode_ci DEFAULT NULL,
  `cuit_cuil` varchar(255) COLLATE utf8_unicode_ci DEFAULT NULL,
  `fecha_ingreso` date DEFAULT NULL,
  `localidad_id` int(11) DEFAULT NULL,
  `created_at` datetime NOT NULL,
  `updated_at` datetime NOT NULL,
  PRIMARY KEY (`id`)
) ENGINE=InnoDB AUTO_INCREMENT=6 DEFAULT CHARSET=utf8 COLLATE=utf8_unicode_ci;
/*!40101 SET character_set_client = @saved_cs_client */;

--
-- Dumping data for table `agentes`
--

LOCK TABLES `agentes` WRITE;
/*!40000 ALTER TABLE `agentes` DISABLE KEYS */;
INSERT INTO `agentes` VALUES (3,20339512,'BEZUNARTEA','GUSTAVO MARCELO','20-20339512-3','2014-01-06',89,'2014-06-26 15:10:37','2014-06-26 15:11:13'),(5,31343209,'MORENO','MARTIN NICOLAS','20-31343209-3','2011-09-20',89,'2014-07-03 12:44:45','2014-07-03 12:44:45');
/*!40000 ALTER TABLE `agentes` ENABLE KEYS */;
UNLOCK TABLES;

--
-- Table structure for table `cargos`
--

DROP TABLE IF EXISTS `cargos`;
/*!40101 SET @saved_cs_client     = @@character_set_client */;
/*!40101 SET character_set_client = utf8 */;
CREATE TABLE `cargos` (
  `id` int(11) NOT NULL AUTO_INCREMENT,
  `categoria` varchar(255) COLLATE utf8_unicode_ci DEFAULT NULL,
  `tipo_cargo` varchar(255) COLLATE utf8_unicode_ci DEFAULT NULL,
  `nivel` varchar(255) COLLATE utf8_unicode_ci DEFAULT NULL,
  `descripcion` varchar(255) COLLATE utf8_unicode_ci DEFAULT NULL,
  `puntos` float DEFAULT NULL,
  `indice` float DEFAULT NULL,
  `hscargo` float DEFAULT NULL,
  `doble` varchar(255) COLLATE utf8_unicode_ci DEFAULT NULL,
  `hbase` varchar(255) COLLATE utf8_unicode_ci DEFAULT NULL,
  `testigo` float DEFAULT NULL,
  `basico` float DEFAULT NULL,
  `hstexto` varchar(255) COLLATE utf8_unicode_ci DEFAULT NULL,
  `created_at` datetime NOT NULL,
  `updated_at` datetime NOT NULL,
  PRIMARY KEY (`id`)
) ENGINE=InnoDB AUTO_INCREMENT=796 DEFAULT CHARSET=utf8 COLLATE=utf8_unicode_ci;
/*!40101 SET character_set_client = @saved_cs_client */;

--
-- Dumping data for table `cargos`
--

LOCK TABLES `cargos` WRITE;
/*!40000 ALTER TABLE `cargos` DISABLE KEYS */;
INSERT INTO `cargos` VALUES (277,'0001','H','M','HORAS CÁTEDRAS- (PROFESOR)',0.05,4239.82,0,NULL,'20',341.45,211.991,'   0','0000-00-00 00:00:00','2014-06-25 11:50:56'),(278,'0001','C','P','SUPERVISOR TÉCNICO GENERAL',2.73,4239.82,30,NULL,NULL,9431.62,11574.7,'3000','0000-00-00 00:00:00','2014-06-25 11:50:56'),(279,'0002','H','S','HORAS CÁTEDRAS-  (PROFESOR)',0.0588,4239.82,0,NULL,'17',371.3,249.301,'   0','0000-00-00 00:00:00','2014-06-25 11:50:56'),(280,'0002','C','P','SUPERVISOR TÉCNICO SECCIONAL',2.64,4239.82,30,NULL,NULL,9126.35,11193.1,'3000','0000-00-00 00:00:00','2014-06-25 11:50:56'),(281,'0003','C','P','SECRETARIO TÉCNICO GENERAL',2.64,4239.82,30,NULL,NULL,9126.35,11193.1,'3000','0000-00-00 00:00:00','2014-06-25 11:50:56'),(282,'0004','C','P','DIRECTOR DE ESC.PERF.DOCENTE',2.64,4239.82,30,NULL,NULL,9126.35,11193.1,'3000','0000-00-00 00:00:00','2014-06-25 11:50:56'),(283,'0015','C','P','SUPERVISOR ESCOLAR DE MATERIAS  ESPECIALES',2.55,4239.82,30,NULL,NULL,8821.09,10811.5,'3000','0000-00-00 00:00:00','2014-06-25 11:50:56'),(284,'0019','C','P','GABINETE CON 35 HORAS SEMANALES',1.86,4239.82,35,NULL,NULL,6480.71,7886.07,'3500','0000-00-00 00:00:00','2014-06-25 11:50:56'),(285,'0020','C','P','GABINETE CON 20 HORAS SEMANALES',1.1,4239.82,20,NULL,NULL,3902.9,4663.8,'2000','0000-00-00 00:00:00','2014-06-25 11:50:56'),(286,'0101','C','P','SUPERVISOR ESCOLAR',2.43,4239.82,30,NULL,NULL,8414.06,10302.8,'3000','0000-00-00 00:00:00','2014-06-25 11:50:56'),(287,'0104','C','P','VICEDIRECTOR JORNADA COMPLETA',1.99,4239.82,35,NULL,NULL,6921.65,8437.24,'3500','0000-00-00 00:00:00','2014-06-25 11:50:56'),(288,'0106','C','P','DIRECTOR PRIM.CATEGORIA',1.5,4239.82,30,NULL,NULL,5259.64,6359.73,'3000','0000-00-00 00:00:00','2014-06-25 11:50:56'),(289,'0107','C','P','DIRECTOR SEGUN.CATEGORIA',1.5,4239.82,30,NULL,NULL,5259.64,6359.73,'3000','0000-00-00 00:00:00','2014-06-25 11:50:56'),(290,'0108','C','P','VICEDIRECTOR ESC. COMUN',1.56,4239.82,20,NULL,NULL,5463.15,6614.12,'2000','0000-00-00 00:00:00','2014-06-25 11:50:56'),(291,'0110','C','P','DIRECTOR TERC.CATEGORIA',1.62,4239.82,30,NULL,NULL,5666.66,6868.51,'3000','0000-00-00 00:00:00','2014-06-25 11:50:56'),(292,'0111','C','P','MAESTRO DE AÑO',1,4239.82,20,NULL,NULL,3563.71,4239.82,'2000','0000-00-00 00:00:00','2014-06-25 11:50:56'),(293,'0112','C','P','MAESTRO ESPECIAL',0.76,4239.82,12,NULL,NULL,2749.66,3222.26,'1200','0000-00-00 00:00:00','2014-06-25 11:50:56'),(294,'0113','C','P','MAESTRO BILIOTECARIO',2,4239.82,40,NULL,NULL,6955.57,8479.64,'4000','0000-00-00 00:00:00','2014-06-25 11:50:56'),(295,'0114','C','P','DIRECTOR DE BIBLIOTECA',2.27,4239.82,30,NULL,NULL,7871.37,9624.39,'3000','0000-00-00 00:00:00','2014-06-25 11:50:56'),(296,'0115','C','P','MAESTRO DE AÑO 3° CICLO  EGB',1.13,4239.82,25,NULL,NULL,4004.66,4791,'2500','0000-00-00 00:00:00','2014-06-25 11:50:56'),(297,'0116','C','P','MAESTRO SECRETARIO',1.12,4239.82,20,NULL,NULL,3970.74,4748.6,'2000','0000-00-00 00:00:00','2014-06-25 11:50:56'),(298,'0117','C','P','MAESTRO ESPECIAL ESC. COMUN  12 HS.',0.76,4239.82,12,NULL,NULL,2749.66,3222.26,'1200','0000-00-00 00:00:00','2014-06-25 11:50:56'),(299,'0118','C','P','MAESTRO ESPECIAL ESC. COMUN  15 HS.',0.94,4239.82,15,NULL,NULL,3360.2,3985.43,'1500','0000-00-00 00:00:00','2014-06-25 11:50:56'),(300,'0119','C','P','MAESTRO ESPECIAL ESC. COMUN  18 HS.',1,4239.82,18,NULL,NULL,3563.71,4239.82,'1800','0000-00-00 00:00:00','2014-06-25 11:50:56'),(301,'0201','C','P','SUPERVISOR ESCOLAR',2.43,4239.82,30,NULL,NULL,8414.06,10302.8,'3000','0000-00-00 00:00:00','2014-06-25 11:50:56'),(302,'0206','C','P','DIRECTOR PRIM.CATEGORIA',2.38,4239.82,35,NULL,NULL,8244.47,10090.8,'3500','0000-00-00 00:00:00','2014-06-25 11:50:56'),(303,'0207','C','P','DIRECTOR SEGUN.CATEGORIA',2.21,4239.82,35,NULL,NULL,7667.86,9370,'3500','0000-00-00 00:00:00','2014-06-25 11:50:56'),(304,'0208','C','P','VICEDIRECTOR',2.21,4239.82,35,NULL,NULL,7667.86,9370,'3500','0000-00-00 00:00:00','2014-06-25 11:50:56'),(305,'0210','C','P','DIRECTOR TERC.CATEGORIA',2.21,4239.82,35,NULL,NULL,7667.86,9370,'3500','0000-00-00 00:00:00','2014-06-25 11:50:56'),(306,'0211','C','P','MAESTRO DE AÑO',1.18,4239.82,20,NULL,NULL,4174.25,5002.99,'2000','0000-00-00 00:00:00','2014-06-25 11:50:56'),(307,'0212','C','P','MAESTRO ESPECIAL 18 HORAS',1,4239.82,18,NULL,NULL,3563.71,4239.82,'1800','0000-00-00 00:00:00','2014-06-25 11:50:56'),(308,'0217','C','P','MAESTRO ESPECIAL ESC. INT. ALB.  12 HS.',0.76,4239.82,12,NULL,NULL,2749.66,3222.26,'1200','0000-00-00 00:00:00','2014-06-25 11:50:56'),(309,'0218','C','P','MAESTRO ESPECIAL ESC. INT. ALB.  15 HS.',0.94,4239.82,15,NULL,NULL,3360.2,3985.43,'1500','0000-00-00 00:00:00','2014-06-25 11:50:56'),(310,'0219','C','P','MAESTRO ESPECIAL ESC. INT. ALB.  18 HS.',1,4239.82,18,NULL,NULL,3563.71,4239.82,'1800','0000-00-00 00:00:00','2014-06-25 11:50:56'),(311,'0305','C','P','DIRECTOR PRIM.CATEGORIA',2.32,4239.82,35,NULL,NULL,8040.96,9836.38,'3500','0000-00-00 00:00:00','2014-06-25 11:50:56'),(312,'0306','C','P','DIRECTOR PRIM.CATEG.JORNADA COMPLETA',2.27,4239.82,30,NULL,NULL,7871.37,9624.39,'3000','0000-00-00 00:00:00','2014-06-25 11:50:56'),(313,'0307','C','P','DIRECTOR SEGUN.CATEG.JORNADA COMPLETA',2.14,4239.82,30,NULL,NULL,7430.42,9073.21,'3000','0000-00-00 00:00:00','2014-06-25 11:50:56'),(314,'0308','C','P','VICEDIRECTOR  ESC. JORN. COMPLETA',1.56,4239.82,20,NULL,NULL,5463.15,6614.12,'2000','0000-00-00 00:00:00','2014-06-25 11:50:56'),(315,'0310','C','P','DIRECTOR TERC.CATEG. ESC. JORN. COMPLETA',2.08,4239.82,30,NULL,NULL,7226.92,8818.83,'3000','0000-00-00 00:00:00','2014-06-25 11:50:56'),(316,'0311','C','P','MAESTRO DE AÑO JORNADA COMPLETA',1.75,4239.82,35,NULL,NULL,6107.61,7419.69,'3500','0000-00-00 00:00:00','2014-06-25 11:50:56'),(317,'0312','C','P','MAESTRO ESPECIAL 15 HORAS',0.94,4239.82,15,NULL,NULL,3360.2,3985.43,'1500','0000-00-00 00:00:00','2014-06-25 11:50:57'),(318,'0313','C','P','MAESTRO DE ORIENTACION Y TUTORIA',1.16,4239.82,25,NULL,NULL,4106.41,4918.19,'2500','0000-00-00 00:00:00','2014-06-25 11:50:57'),(319,'0314','C','P','VICEDIRECTOR DE 3° CICLO EGB',1.65,4239.82,25,NULL,NULL,5768.42,6995.7,'2500','0000-00-00 00:00:00','2014-06-25 11:50:57'),(320,'0315','C','P','M.DE AÑO 3° CICLO  JORN COMPL.',1.75,4239.82,35,NULL,NULL,6107.61,7419.69,'3500','0000-00-00 00:00:00','2014-06-25 11:50:57'),(321,'0317','C','P','MAESTRO ESPECIAL ESC. JOR. COMP.  12 HS.',0.76,4239.82,12,NULL,NULL,2749.66,3222.26,'1200','0000-00-00 00:00:00','2014-06-25 11:50:57'),(322,'0318','C','P','MAESTRO ESPECIAL ESC. JOR. COMP.  15 HS.',0.94,4239.82,15,NULL,NULL,3360.2,3985.43,'1500','0000-00-00 00:00:00','2014-06-25 11:50:57'),(323,'0319','C','P','MAESTRO ESPECIAL ESC. JOR. COMP.  18 HS.',1,4239.82,18,NULL,NULL,3563.71,4239.82,'1800','0000-00-00 00:00:00','2014-06-25 11:50:57'),(324,'0320','C','P','MAESTRO DE ORIENT. Y TUT.  3° ciclo J/C',1.78,4239.82,35,NULL,NULL,6209.36,7546.88,'3500','0000-00-00 00:00:00','2014-06-25 11:50:57'),(325,'0321','C','P','DIRECTOR SEGUN.CATEG.JORN. COMP. 7 hs.',2.19,4239.82,35,NULL,NULL,7600.02,9285.21,'3500','0000-00-00 00:00:00','2014-06-25 11:50:57'),(326,'0322','C','P','DIRECTOR TERC.CATEG. ESC. JORN. COMPLETA',2.13,4239.82,35,NULL,NULL,7396.51,9030.82,'3500','0000-00-00 00:00:00','2014-06-25 11:50:57'),(327,'0501','C','P','SUPERVISOR ESCOLAR',2.55,4239.82,30,NULL,NULL,8821.09,10811.5,'3000','0000-00-00 00:00:00','2014-06-25 11:50:57'),(328,'0502','C','P','DIRECTOR PRIM.CATEG.JORNADA COMPLETA',2.27,4239.82,30,NULL,NULL,7871.37,9624.39,'3000','0000-00-00 00:00:00','2014-06-25 11:50:57'),(329,'0503','C','P','DIRECTOR SEGUN.CATEG.JORNADA COMPLETA',2.14,4239.82,30,NULL,NULL,7430.42,9073.21,'3000','0000-00-00 00:00:00','2014-06-25 11:50:57'),(330,'0505','C','P','DIRECTOR TERC.CATEG.JORNADA COMPLETA',2.2,4239.82,30,NULL,NULL,7633.94,9327.6,'3000','0000-00-00 00:00:00','2014-06-25 11:50:57'),(331,'0506','C','P','DIRECTOR PRIM.CATEGORIA',1.62,4239.82,30,NULL,NULL,5666.66,6868.51,'3000','0000-00-00 00:00:00','2014-06-25 11:50:57'),(332,'0507','C','P','DIRECTOR SEGUN.CATEGORIA',1.62,4239.82,30,NULL,NULL,5666.66,6868.51,'3000','0000-00-00 00:00:00','2014-06-25 11:50:57'),(333,'0508','C','P','VICEDIRECTOR',1.56,4239.82,20,NULL,NULL,5463.15,6614.12,'2000','0000-00-00 00:00:00','2014-06-25 11:50:57'),(334,'0510','C','P','DIRECTOR TERC.CATEGORIA',1.62,4239.82,30,NULL,NULL,5666.66,6868.51,'3000','0000-00-00 00:00:00','2014-06-25 11:50:57'),(335,'0511','C','P','MAESTRO DE AÑO',1,4239.82,20,NULL,NULL,3563.71,4239.82,'2000','0000-00-00 00:00:00','2014-06-25 11:50:57'),(336,'0512','C','P','MAESTRO ESPECIAL',0.94,4239.82,12,NULL,NULL,3360.2,3985.43,'1200','0000-00-00 00:00:00','2014-06-25 11:50:57'),(337,'0515','C','P','MAESTRO DE A. 3 ° CICLO',1.13,4239.82,25,NULL,NULL,4004.66,4791,'2500','0000-00-00 00:00:00','2014-06-25 11:50:57'),(338,'0517','C','P','MAESTRO ESPECIAL ESC. HOSP. Y DOM. 12 HS.',0.76,4239.82,12,NULL,NULL,2749.66,3222.26,'1200','0000-00-00 00:00:00','2014-06-25 11:50:57'),(339,'0518','C','P','MAESTRO ESPECIAL ESC. HOSP. Y DOM.  15 HS.',0.94,4239.82,15,NULL,NULL,3360.2,3985.43,'1500','0000-00-00 00:00:00','2014-06-25 11:50:57'),(340,'0519','C','P','MAESTRO ESPECIAL ESC. HOSP. Y DOM. 18 HS.',1,4239.82,18,NULL,NULL,3563.71,4239.82,'1800','0000-00-00 00:00:00','2014-06-25 11:50:57'),(341,'0601','C','P','SUPERVISOR ESCOLAR',2.55,4239.82,30,NULL,NULL,8821.09,10811.5,'3000','0000-00-00 00:00:00','2014-06-25 11:50:57'),(342,'0602','C','P','DIRECTOR PRIM.CATEG.JORNADA COMPLETA',2.27,4239.82,30,NULL,NULL,7871.37,9624.39,'3000','0000-00-00 00:00:00','2014-06-25 11:50:57'),(343,'0603','C','P','DIRECTOR SEGUN.CATEG.JORNADA COMPLETA',2.14,4239.82,30,NULL,NULL,7430.42,9073.21,'3000','0000-00-00 00:00:00','2014-06-25 11:50:57'),(344,'0605','C','P','DIRECTOR TERC.CATEG.JORNADA COMPLETA',2.2,4239.82,30,NULL,NULL,7633.94,9327.6,'3000','0000-00-00 00:00:00','2014-06-25 11:50:57'),(345,'0606','C','P','DIRECTOR PRIM.CATEGORIA',1.62,4239.82,30,NULL,NULL,5666.66,6868.51,'3000','0000-00-00 00:00:00','2014-06-25 11:50:57'),(346,'0607','C','P','DIRECTOR SEGUN.CATEGORIA',2.03,4239.82,20,NULL,NULL,7057.32,8606.83,'2000','0000-00-00 00:00:00','2014-06-25 11:50:57'),(347,'0627','C','P','DIRECTOR SEGUN.CATEGORIA',1.62,4239.82,20,NULL,NULL,5666.66,6868.51,'2000','0000-00-00 00:00:00','2014-06-25 11:50:57'),(348,'0608','C','P','VICEDIRECTOR',1.56,4239.82,20,NULL,NULL,5463.15,6614.12,'2000','0000-00-00 00:00:00','2014-06-25 11:50:57'),(349,'0610','C','P','DIRECTOR TERC.CATEGORIA',1.62,4239.82,20,NULL,NULL,5666.66,6868.51,'2000','0000-00-00 00:00:00','2014-06-25 11:50:57'),(350,'0611','C','P','MAESTRO DE AÑO',1,4239.82,15,NULL,NULL,3563.71,4239.82,'1500','0000-00-00 00:00:00','2014-06-25 11:50:57'),(351,'0612','C','P','MAESTRO ESPECIAL',0.9,4239.82,12,NULL,NULL,3224.53,3815.84,'1200','0000-00-00 00:00:00','2014-06-25 11:50:57'),(352,'0617','C','P','MAESTRO ESPECIAL ESC. ADULTOS 12 HS.',0.76,4239.82,12,NULL,NULL,2749.66,3222.26,'1200','0000-00-00 00:00:00','2014-06-25 11:50:57'),(353,'0618','C','P','MAESTRO ESPECIAL ESC. ADULTOS 15 HS.',0.94,4239.82,15,NULL,NULL,3360.2,3985.43,'1500','0000-00-00 00:00:00','2014-06-25 11:50:57'),(354,'0619','C','P','MAESTRO ESPECIAL ESC. ADULTOS 18 HS.',1,4239.82,18,NULL,NULL,3563.71,4239.82,'1800','0000-00-00 00:00:00','2014-06-25 11:50:57'),(355,'0701','C','P','SUPERVISOR ESCOLAR',2.55,4239.82,30,NULL,NULL,8821.09,10811.5,'3000','0000-00-00 00:00:00','2014-06-25 11:50:57'),(356,'0702','C','P','DIRECTOR DE PRIM.CATEG.JORNADA COMPLETA',2.27,4239.82,35,NULL,NULL,7871.37,9624.39,'3500','0000-00-00 00:00:00','2014-06-25 11:50:57'),(357,'0703','C','P','DIRECTOR DE SEGUN.CATEG.JORNADA COMPLETA',2.14,4239.82,30,NULL,NULL,7430.42,9073.21,'3000','0000-00-00 00:00:00','2014-06-25 11:50:57'),(358,'0705','C','P','DIRECTOR DE TERC.CATEG.JORNADA COMPLETA',2.2,4239.82,30,NULL,NULL,7633.94,9327.6,'3000','0000-00-00 00:00:00','2014-06-25 11:50:57'),(359,'0708','C','P','VICEDIRECTOR  ESC. ESP.',1.56,4239.82,20,NULL,NULL,5463.15,6614.12,'2000','0000-00-00 00:00:00','2014-06-25 11:50:57'),(360,'0709','C','P','MAESTRO DE AÑO JORNADA COMPLETA ESPECIAL',1.75,4239.82,35,NULL,NULL,6107.61,7419.69,'3500','0000-00-00 00:00:00','2014-06-25 11:50:57'),(361,'0711','C','P','MAESTRO DE AÑO ESC. ESP.',1,4239.82,20,NULL,NULL,3563.71,4239.82,'2000','0000-00-00 00:00:00','2014-06-25 11:50:57'),(362,'0712','C','P','MAESTRO ESPECIAL ESC. ESP.',0.94,4239.82,12,NULL,NULL,3360.2,3985.43,'1200','0000-00-00 00:00:00','2014-06-25 11:50:57'),(363,'0717','C','P','MAESTRO ESPECIAL ESC. ESP.  12 HS.',0.76,4239.82,12,NULL,NULL,2749.66,3222.26,'1200','0000-00-00 00:00:00','2014-06-25 11:50:57'),(364,'0718','C','P','MAESTRO ESPECIAL ESC. ESP.  15 HS.',0.94,4239.82,15,NULL,NULL,3360.2,3985.43,'1500','0000-00-00 00:00:00','2014-06-25 11:50:57'),(365,'0719','C','P','MAESTRO ESPECIAL ESC. ESP.  18 HS.',1,4239.82,18,NULL,NULL,3563.71,4239.82,'1800','0000-00-00 00:00:00','2014-06-25 11:50:57'),(366,'0801','C','P','SUPERVISOR ESCOLAR NIVEL INICIAL',2.55,4239.82,30,NULL,NULL,8821.09,10811.5,'3000','0000-00-00 00:00:00','2014-06-25 11:50:57'),(367,'0802','C','P','DIRECTOR DE PRIM.CATEG.JORNADA COMPLETA',2.27,4239.82,30,NULL,NULL,7871.37,9624.39,'3000','0000-00-00 00:00:00','2014-06-25 11:50:57'),(368,'0803','C','P','DIRECTOR DE SEGUN.CATEG.JORNADA COMPLETA',2.14,4239.82,30,NULL,NULL,7430.42,9073.21,'3000','0000-00-00 00:00:00','2014-06-25 11:50:57'),(369,'0805','C','P','DIRECTOR DE TERC.CATEG.JORNADA COMPLETA',2.2,4239.82,30,NULL,NULL,7633.94,9327.6,'3000','0000-00-00 00:00:00','2014-06-25 11:50:57'),(370,'0806','C','P','DIRECTOR DE PRIM.CATEGORIA',1.62,4239.82,30,NULL,NULL,5666.66,6868.51,'3000','0000-00-00 00:00:00','2014-06-25 11:50:57'),(371,'0807','C','P','DIRECTOR DE SEGUN.CATEGORIA',2.03,4239.82,20,NULL,NULL,7057.32,8606.83,'2000','0000-00-00 00:00:00','2014-06-25 11:50:57'),(372,'0827','C','P','DIRECTOR DE SEGUN.CATEGORIA',1.62,4239.82,30,NULL,NULL,5666.66,6868.51,'3000','0000-00-00 00:00:00','2014-06-25 11:50:57'),(373,'0808','C','P','VICEDIRECTOR',1.56,4239.82,20,NULL,NULL,5463.15,6614.12,'2000','0000-00-00 00:00:00','2014-06-25 11:50:57'),(374,'0809','C','P','M.DE AÑO JORN. COMPL. NIVEL INICIAL',1.75,4239.82,35,NULL,NULL,6107.61,7419.69,'3500','0000-00-00 00:00:00','2014-06-25 11:50:57'),(375,'0810','C','P','DIRECTOR DE TERC.CATEGORIA',1.62,4239.82,30,NULL,NULL,5666.66,6868.51,'3000','0000-00-00 00:00:00','2014-06-25 11:50:58'),(376,'0811','C','P','MAESTRO DE AÑO',1,4239.82,20,NULL,NULL,3563.71,4239.82,'2000','0000-00-00 00:00:00','2014-06-25 11:50:58'),(377,'0812','C','P','MAESTRO ESPECIAL',0.92,4239.82,12,NULL,NULL,3292.36,3900.63,'1200','0000-00-00 00:00:00','2014-06-25 11:50:58'),(378,'0817','C','P','MAESTRO ESPECIAL NIVEL INICIAL 12 HS.',0.76,4239.82,12,NULL,NULL,2749.66,3222.26,'1200','0000-00-00 00:00:00','2014-06-25 11:50:58'),(379,'0818','C','P','MAESTRO ESPECIAL NIVEL INICIAL 15 HS.',0.94,4239.82,15,NULL,NULL,3360.2,3985.43,'1500','0000-00-00 00:00:00','2014-06-25 11:50:58'),(380,'0819','C','P','MAESTRO ESPECIAL NIVEL INICIAL 18 HS.',1,4239.82,18,NULL,NULL,3563.71,4239.82,'1800','0000-00-00 00:00:00','2014-06-25 11:50:58'),(381,'0904','C','P','SUPERVISOR GENERAL/ SECRET. TEC. GRAL.',2.73,4239.82,30,NULL,NULL,9431.62,11574.7,'3000','0000-00-00 00:00:00','2014-06-25 11:50:58'),(382,'0907','C','M','SUPERVISOR TÉCNICO',2.55,4239.82,30,NULL,NULL,8821.09,10811.5,'3000','0000-00-00 00:00:00','2014-06-25 11:50:58'),(383,'0913','C','M','DIRECTOR DE PRIMERA CATEGORIA',2.27,4239.82,30,NULL,NULL,7871.37,9624.39,'3000','0000-00-00 00:00:00','2014-06-25 11:50:58'),(384,'0914','C','M','DIRECTOR DE SEGUNDA CATEGORIA',2.14,4239.82,30,NULL,NULL,7430.42,9073.21,'3000','0000-00-00 00:00:00','2014-06-25 11:50:58'),(385,'0915','C','M','DIRECTOR DE TERCERA CATEGORIA',2.08,4239.82,30,NULL,NULL,7226.92,8818.83,'3000','0000-00-00 00:00:00','2014-06-25 11:50:58'),(386,'0916','C','M','VICEDIRECTOR DE PRIMERA CATEGORIA',1.65,4239.82,25,NULL,NULL,5768.42,6995.7,'2500','0000-00-00 00:00:00','2014-06-25 11:50:58'),(387,'0917','C','M','VICEDIRECTOR DE SEGUNDA CATEGORIA',1.65,4239.82,25,NULL,NULL,5768.42,6995.7,'2500','0000-00-00 00:00:00','2014-06-25 11:50:58'),(388,'0918','C','M','VICEDIRECTOR DE TERCERA CATEGORIA',1.65,4239.82,25,NULL,NULL,5768.42,6995.7,'2500','0000-00-00 00:00:00','2014-06-25 11:50:58'),(389,'0919','C','M','REGENTE DE PRIMERA CATEGORIA',1.65,4239.82,25,NULL,NULL,5768.42,6995.7,'2500','0000-00-00 00:00:00','2014-06-25 11:50:58'),(390,'0920','C','M','REGENTE DE SEGUNDA CATEGORIA',1.65,4239.82,25,NULL,NULL,5768.42,6995.7,'2500','0000-00-00 00:00:00','2014-06-25 11:50:58'),(391,'0921','C','M','REGENTE DE TERCERA CATEGORIA',1.65,4239.82,25,NULL,NULL,5768.42,6995.7,'2500','0000-00-00 00:00:00','2014-06-25 11:50:58'),(392,'0925','C','M','JEFE GRAL.DE ENSEÑANZA PRACTICA -1era.',1.65,4239.82,25,NULL,NULL,5768.42,6995.7,'2500','0000-00-00 00:00:00','2014-06-25 11:50:58'),(393,'0926','C','M','JEFE GRAL.DE ENSEÑANZA PRACTICA -2da.',1.65,4239.82,25,NULL,NULL,5768.42,6995.7,'2500','0000-00-00 00:00:00','2014-06-25 11:50:58'),(394,'0927','C','M','JEFE GRAL.DE ENSEÑANZA PRACTICA -3era.',1.65,4239.82,25,NULL,NULL,5768.42,6995.7,'2500','0000-00-00 00:00:00','2014-06-25 11:50:58'),(395,'0928','C','M','SECRETARIO DE PRIMERA CATEG.',1.42,4239.82,25,NULL,NULL,4988.29,6020.54,'2500','0000-00-00 00:00:00','2014-06-25 11:50:58'),(396,'0929','C','M','SECRETARIO DE SEGUNDA CATEG.',1.33,4239.82,25,NULL,NULL,4683.02,5638.96,'2500','0000-00-00 00:00:00','2014-06-25 11:50:58'),(397,'0930','C','M','SECRETARIO DE TERCERA CATEG.',1.28,4239.82,25,NULL,NULL,4513.43,5426.97,'2500','0000-00-00 00:00:00','2014-06-25 11:50:58'),(398,'0934','C','M','MAESTRO DE ENS.PRACT.JEFE SECCIÓN',1.05,4239.82,25,NULL,NULL,3733.3,4451.81,'2500','0000-00-00 00:00:00','2014-06-25 11:50:58'),(399,'0935','C','M','MAESTRO DE ENS.PRACT.',0.95,4239.82,20,NULL,NULL,3394.12,4027.83,'2000','0000-00-00 00:00:00','2014-06-25 11:50:58'),(400,'0943','C','M','BIBLIOTECARIO',1.25,4239.82,25,NULL,NULL,4411.68,5299.77,'2500','0000-00-00 00:00:00','2014-06-25 11:50:58'),(401,'0944','C','M','PRECEPTOR',1,4239.82,25,NULL,NULL,3563.71,4239.82,'2500','0000-00-00 00:00:00','2014-06-25 11:50:58'),(402,'0954','C','S','DIRECTOR INSTITUTO SUPERIOR',2.29,4239.82,25,NULL,NULL,7939.21,9709.19,'2500','0000-00-00 00:00:00','2014-06-25 11:50:58'),(403,'0956','C','S','REGENTE INSTITUTO SUPERIOR',1.78,4239.82,25,NULL,NULL,6209.36,7546.88,'2500','0000-00-00 00:00:00','2014-06-25 11:50:58'),(404,'0957','C','S','SECRETARIO INSTITUTO SUPERIOR',1.63,4239.82,25,NULL,NULL,5700.58,6910.91,'2500','0000-00-00 00:00:00','2014-06-25 11:50:58'),(405,'0958','C','S','BIBLIOTECARIO INSTITUTO SUPERIOR',1.25,4239.82,25,NULL,NULL,4411.68,5299.77,'2500','0000-00-00 00:00:00','2014-06-25 11:50:58'),(406,'0959','C','S','BEDEL',1,4239.82,25,NULL,NULL,3563.71,4239.82,'2500','0000-00-00 00:00:00','2014-06-25 11:50:58'),(407,'0960','C','M','PROFESOR DE ENS. PRACTICAS -- 16H (ESC. TRANSF.)',1,4239.82,16,NULL,NULL,3563.71,4239.82,'1600','0000-00-00 00:00:00','2014-06-25 11:50:58'),(408,'0961','C','M','PROFESOR DE ENS. PRACTICAS -- 18H (ESC. TEC.)',1.05,4239.82,18,NULL,NULL,3733.3,4451.81,'1800','0000-00-00 00:00:00','2014-06-25 11:50:58'),(409,'0962','C','M','PROFESOR DE ENS. PRACTICAS -- 20H (ESC. AGROTEC.)',1.1,4239.82,20,NULL,NULL,3902.9,4663.8,'2000','0000-00-00 00:00:00','2014-06-25 11:50:58'),(410,'0963','C','M','PEP -- CENTRO FORM. PROFESIONAL -- 16HS',1,4239.82,16,NULL,NULL,3563.71,4239.82,'1600','0000-00-00 00:00:00','2014-06-25 11:50:58'),(411,'0964','C','M','PEP -- CENTRO FORM. PROFESIONAL -- 20HS',1.1,4239.82,20,NULL,NULL,3902.9,4663.8,'2000','0000-00-00 00:00:00','2014-06-25 11:50:58'),(412,'0965','C','M','PEP -- CERET -- 20HS',1.05,4239.82,20,NULL,NULL,3733.3,4451.81,'2000','0000-00-00 00:00:00','2014-06-25 11:50:58'),(413,'0967','C','M','ADMINISTRADOR DE REDES -- 20HS',1.05,4239.82,20,NULL,NULL,3733.3,4451.81,'2000','0000-00-00 00:00:00','2014-06-25 11:50:58'),(414,'0966','C','M','PROFESOR DE LABORATORIO (20HS)',1.05,4239.82,20,NULL,NULL,3733.3,4451.81,'2000','0000-00-00 00:00:00','2014-06-25 11:50:58'),(669,'001','A',NULL,'PLANTA TRANSITORIA',0,4239.82,NULL,NULL,NULL,NULL,0,NULL,'0000-00-00 00:00:00','0000-00-00 00:00:00'),(670,'102','A',NULL,'PERSONAL DE SERVICIO',0,4239.82,NULL,NULL,NULL,NULL,0,NULL,'0000-00-00 00:00:00','0000-00-00 00:00:00'),(671,'103','A',NULL,'PERSONAL DE SERVICIO',0,4239.82,NULL,NULL,NULL,NULL,0,NULL,'0000-00-00 00:00:00','0000-00-00 00:00:00'),(672,'104','A',NULL,'PERSONAL DE SERVICIO',0,4239.82,NULL,NULL,NULL,NULL,0,NULL,'0000-00-00 00:00:00','0000-00-00 00:00:00'),(673,'106','A',NULL,'COCINERO DE RESIDENCIA',0,4239.82,NULL,NULL,NULL,NULL,0,NULL,'0000-00-00 00:00:00','0000-00-00 00:00:00'),(674,'104','A',NULL,'COCINERO',0,4239.82,NULL,NULL,NULL,NULL,0,NULL,'0000-00-00 00:00:00','0000-00-00 00:00:00'),(675,'103','A',NULL,'AYUDANTE DE COCINA',0,4239.82,NULL,NULL,NULL,NULL,0,NULL,'0000-00-00 00:00:00','0000-00-00 00:00:00'),(676,'102','A',NULL,'CORREO',0,4239.82,NULL,NULL,NULL,NULL,0,NULL,'0000-00-00 00:00:00','0000-00-00 00:00:00'),(677,'106','A',NULL,'CHOFER \"A\"',0,4239.82,NULL,NULL,NULL,NULL,0,NULL,'0000-00-00 00:00:00','0000-00-00 00:00:00'),(678,'104','A',NULL,'CHOFER \"B\"',0,4239.82,NULL,NULL,NULL,NULL,0,NULL,'0000-00-00 00:00:00','0000-00-00 00:00:00'),(679,'104','A',NULL,'GUARDIÁN',0,4239.82,NULL,NULL,NULL,NULL,0,NULL,'0000-00-00 00:00:00','0000-00-00 00:00:00'),(680,'106','A',NULL,'ENCARGADO DE MAESTRANZA',0,4239.82,NULL,NULL,NULL,NULL,0,NULL,'0000-00-00 00:00:00','0000-00-00 00:00:00'),(681,'108','A',NULL,'MAYORDOMO',0,4239.82,NULL,NULL,NULL,NULL,0,NULL,'0000-00-00 00:00:00','0000-00-00 00:00:00'),(682,'103','A',NULL,'MUCAMA',0,4239.82,NULL,NULL,NULL,NULL,0,NULL,'0000-00-00 00:00:00','0000-00-00 00:00:00'),(683,'103','A',NULL,'ORDENANZA \"A\"',0,4239.82,NULL,NULL,NULL,NULL,0,NULL,'0000-00-00 00:00:00','0000-00-00 00:00:00'),(684,'102','A',NULL,'ORDENANZA \"B\"',0,4239.82,NULL,NULL,NULL,NULL,0,NULL,'0000-00-00 00:00:00','0000-00-00 00:00:00'),(685,'102','A',NULL,'PEÓN',0,4239.82,NULL,NULL,NULL,NULL,0,NULL,'0000-00-00 00:00:00','0000-00-00 00:00:00'),(686,'103','A',NULL,'PORTERO DE ESCUELA',0,4239.82,NULL,NULL,NULL,NULL,0,NULL,'0000-00-00 00:00:00','0000-00-00 00:00:00'),(687,'106','A',NULL,'UTILERO',0,4239.82,NULL,NULL,NULL,NULL,0,NULL,'0000-00-00 00:00:00','0000-00-00 00:00:00'),(688,'103','A',NULL,'LAVADERO - PLANCHADOR',0,4239.82,NULL,NULL,NULL,NULL,0,NULL,'0000-00-00 00:00:00','0000-00-00 00:00:00'),(689,'104','A',NULL,'PORTERO - CASERO',0,4239.82,NULL,NULL,NULL,NULL,0,NULL,'0000-00-00 00:00:00','0000-00-00 00:00:00'),(690,'106','A',NULL,'CHOFER DE ESTABLECIMIENTO EDUCATIVO',0,4239.82,NULL,NULL,NULL,NULL,0,NULL,'0000-00-00 00:00:00','0000-00-00 00:00:00'),(691,'105','A',NULL,'COSTURERA',0,4239.82,NULL,NULL,NULL,NULL,0,NULL,'0000-00-00 00:00:00','0000-00-00 00:00:00'),(692,'201','A',NULL,'PERSONAL OBRERO',0,4239.82,NULL,NULL,NULL,NULL,0,NULL,'0000-00-00 00:00:00','0000-00-00 00:00:00'),(693,'203','A',NULL,'PERSONAL OBRERO',0,4239.82,NULL,NULL,NULL,NULL,0,NULL,'0000-00-00 00:00:00','0000-00-00 00:00:00'),(694,'204','A',NULL,'PERSONAL OBRERO',0,4239.82,NULL,NULL,NULL,NULL,0,NULL,'0000-00-00 00:00:00','0000-00-00 00:00:00'),(695,'207','A',NULL,'ALBAÑIL',0,4239.82,NULL,NULL,NULL,NULL,0,NULL,'0000-00-00 00:00:00','0000-00-00 00:00:00'),(696,'205','A',NULL,'MEDIO OFICIAL ALBAÑIL',0,4239.82,NULL,NULL,NULL,NULL,0,NULL,'0000-00-00 00:00:00','0000-00-00 00:00:00'),(697,'203','A',NULL,'CANALERO',0,4239.82,NULL,NULL,NULL,NULL,0,NULL,'0000-00-00 00:00:00','0000-00-00 00:00:00'),(698,'209','A',NULL,'CAPATAZ DE TALLERES MENORES',0,4239.82,NULL,NULL,NULL,NULL,0,NULL,'0000-00-00 00:00:00','0000-00-00 00:00:00'),(699,'207','A',NULL,'CARPINTERO',0,4239.82,NULL,NULL,NULL,NULL,0,NULL,'0000-00-00 00:00:00','0000-00-00 00:00:00'),(700,'205','A',NULL,'CARPINTERO - MEDIO OFICIAL',0,4239.82,NULL,NULL,NULL,NULL,0,NULL,'0000-00-00 00:00:00','0000-00-00 00:00:00'),(701,'203','A',NULL,'ENCARGADO DE CONMUTADOR TELEFÓNICO',0,4239.82,NULL,NULL,NULL,NULL,0,NULL,'0000-00-00 00:00:00','0000-00-00 00:00:00'),(702,'205','A',NULL,'OPERADOR DE CONMUTADOR TELEFÓNICO',0,4239.82,NULL,NULL,NULL,NULL,0,NULL,'0000-00-00 00:00:00','0000-00-00 00:00:00'),(703,'207','A',NULL,'OPERADOR DE CONMUTADOR TELEFÓNICO',0,4239.82,NULL,NULL,NULL,NULL,0,NULL,'0000-00-00 00:00:00','0000-00-00 00:00:00'),(704,'205','A',NULL,'ELECTRICISTA INSTALADOR - MEDIO OFICIAL',0,4239.82,NULL,NULL,NULL,NULL,0,NULL,'0000-00-00 00:00:00','0000-00-00 00:00:00'),(705,'207','A',NULL,'ENCUADERNADOR',0,4239.82,NULL,NULL,NULL,NULL,0,NULL,'0000-00-00 00:00:00','0000-00-00 00:00:00'),(706,'207','A',NULL,'FOGUISTA ENCARGADO',0,4239.82,NULL,NULL,NULL,NULL,0,NULL,'0000-00-00 00:00:00','0000-00-00 00:00:00'),(707,'203','A',NULL,'JARDINERO',0,4239.82,NULL,NULL,NULL,NULL,0,NULL,'0000-00-00 00:00:00','0000-00-00 00:00:00'),(708,'206','A',NULL,'AYUDANTE DE MANTENIMIENTO',0,4239.82,NULL,NULL,NULL,NULL,0,NULL,'0000-00-00 00:00:00','0000-00-00 00:00:00'),(709,'209','A',NULL,'OFICIAL DE OFICIOS VARIOS',0,4239.82,NULL,NULL,NULL,NULL,0,NULL,'0000-00-00 00:00:00','0000-00-00 00:00:00'),(710,'207','A',NULL,'MEDIO OFICIAL DE OFICIOS VARIOS',0,4239.82,NULL,NULL,NULL,NULL,0,NULL,'0000-00-00 00:00:00','0000-00-00 00:00:00'),(711,'203','A',NULL,'OFICIAL ESPECIALIZADO EN CULTIVOS',0,4239.82,NULL,NULL,NULL,NULL,0,NULL,'0000-00-00 00:00:00','0000-00-00 00:00:00'),(712,'207','A',NULL,'OFICIAL DE CULTIVO',0,4239.82,NULL,NULL,NULL,NULL,0,NULL,'0000-00-00 00:00:00','0000-00-00 00:00:00'),(713,'205','A',NULL,'COSTURERA',0,4239.82,NULL,NULL,NULL,NULL,0,NULL,'0000-00-00 00:00:00','0000-00-00 00:00:00'),(714,'301','A',NULL,'PERSONAL ADMINISTRATIVO',0,4239.82,NULL,NULL,NULL,NULL,0,NULL,'0000-00-00 00:00:00','0000-00-00 00:00:00'),(715,'302','A',NULL,'PERSONAL ADMINISTRATIVO',0,4239.82,NULL,NULL,NULL,NULL,0,NULL,'0000-00-00 00:00:00','0000-00-00 00:00:00'),(716,'303','A',NULL,'PERSONAL ADMINISTRATIVO',0,4239.82,NULL,NULL,NULL,NULL,0,NULL,'0000-00-00 00:00:00','0000-00-00 00:00:00'),(717,'304','A',NULL,'PERSONAL ADMINISTRATIVO',0,4239.82,NULL,NULL,NULL,NULL,0,NULL,'0000-00-00 00:00:00','0000-00-00 00:00:00'),(718,'3012','A',NULL,'JEFE DE DIVISIÓN',0,4239.82,NULL,NULL,NULL,NULL,0,NULL,'0000-00-00 00:00:00','0000-00-00 00:00:00'),(719,'3014','A',NULL,'OFICIAL SUPERIOR ADMINISTRATIVO',0,4239.82,NULL,NULL,NULL,NULL,0,NULL,'0000-00-00 00:00:00','0000-00-00 00:00:00'),(720,'3016','A',NULL,'JEFE DE DEPARTAMENTO',0,4239.82,NULL,NULL,NULL,NULL,0,NULL,'0000-00-00 00:00:00','0000-00-00 00:00:00'),(721,'3010','A',NULL,'OFICIAL ADMINISTRATIVO',0,4239.82,NULL,NULL,NULL,NULL,0,NULL,'0000-00-00 00:00:00','0000-00-00 00:00:00'),(722,'306','A',NULL,'AUXILIAR ADMINISTRATIVO',0,4239.82,NULL,NULL,NULL,NULL,0,NULL,'0000-00-00 00:00:00','0000-00-00 00:00:00'),(723,'304','A',NULL,'AYUDANTE ADMINISTRATIVO',0,4239.82,NULL,NULL,NULL,NULL,0,NULL,'0000-00-00 00:00:00','0000-00-00 00:00:00'),(724,'301','A',NULL,'AUXILIAR TÉCNICO DE OBRAS \"A\"',0,4239.82,NULL,NULL,NULL,NULL,0,NULL,'0000-00-00 00:00:00','0000-00-00 00:00:00'),(725,'302','A',NULL,'AUXILIAR TÉCNICO DE OBRAS \"B\"',0,4239.82,NULL,NULL,NULL,NULL,0,NULL,'0000-00-00 00:00:00','0000-00-00 00:00:00'),(726,'303','A',NULL,'AUXILIAR DE COMPRAS',0,4239.82,NULL,NULL,NULL,NULL,0,NULL,'0000-00-00 00:00:00','0000-00-00 00:00:00'),(727,'304','A',NULL,'AYUDANTE DE COMPRAS',0,4239.82,NULL,NULL,NULL,NULL,0,NULL,'0000-00-00 00:00:00','0000-00-00 00:00:00'),(728,'302','A',NULL,'OFICIAL CONTABLE',0,4239.82,NULL,NULL,NULL,NULL,0,NULL,'0000-00-00 00:00:00','0000-00-00 00:00:00'),(729,'303','A',NULL,'AUXILIAR CONTABLE',0,4239.82,NULL,NULL,NULL,NULL,0,NULL,'0000-00-00 00:00:00','0000-00-00 00:00:00'),(730,'302','A',NULL,'OFICIAL \"A\" DE DEPÓSITOS Y ALMACENES',0,4239.82,NULL,NULL,NULL,NULL,0,NULL,'0000-00-00 00:00:00','0000-00-00 00:00:00'),(731,'302','A',NULL,'DIBUJANTE \"A\"',0,4239.82,NULL,NULL,NULL,NULL,0,NULL,'0000-00-00 00:00:00','0000-00-00 00:00:00'),(732,'306','A',NULL,'DIBUJANTE \"B\"',0,4239.82,NULL,NULL,NULL,NULL,0,NULL,'0000-00-00 00:00:00','0000-00-00 00:00:00'),(733,'302','A',NULL,'INSPECTOR DE RECURSOS NATURALES',0,4239.82,NULL,NULL,NULL,NULL,0,NULL,'0000-00-00 00:00:00','0000-00-00 00:00:00'),(734,'303','A',NULL,'SISTEMAS DE COMPUTACIÓN DE DATOS - ANALISTA \"C\"',0,4239.82,NULL,NULL,NULL,NULL,0,NULL,'0000-00-00 00:00:00','0000-00-00 00:00:00'),(735,'306','A',NULL,'SISTEMAS DE COMPUTACIÓN DE DATOS - ANALISTA \"C\"',0,4239.82,NULL,NULL,NULL,NULL,0,NULL,'0000-00-00 00:00:00','0000-00-00 00:00:00'),(736,'301','A',NULL,'SISTEMAS DE COMPUTACIÓN DE DATOS - PROGRAMADOR \"A\"',0,4239.82,NULL,NULL,NULL,NULL,0,NULL,'0000-00-00 00:00:00','0000-00-00 00:00:00'),(737,'302','A',NULL,'SISTEMAS DE COMPUTACIÓN DE DATOS - PROGRAMADOR \"B\"',0,4239.82,NULL,NULL,NULL,NULL,0,NULL,'0000-00-00 00:00:00','0000-00-00 00:00:00'),(738,'304','A',NULL,'SISTEMAS DE COMPUTACIÓN DE DATOS - OPERADOR \"C\"',0,4239.82,NULL,NULL,NULL,NULL,0,NULL,'0000-00-00 00:00:00','0000-00-00 00:00:00'),(739,'3010','A',NULL,'TÉCNICO EN MANTENIMIENTO \"A\"',0,4239.82,NULL,NULL,NULL,NULL,0,NULL,'0000-00-00 00:00:00','0000-00-00 00:00:00'),(740,'306','A',NULL,'ASISTENTE INFANTIL',0,4239.82,NULL,NULL,NULL,NULL,0,NULL,'0000-00-00 00:00:00','0000-00-00 00:00:00'),(741,'303','A',NULL,'ASISTENTE DE CASA ESTUDIANTIL',0,4239.82,NULL,NULL,NULL,NULL,0,NULL,'0000-00-00 00:00:00','0000-00-00 00:00:00'),(742,'401','A',NULL,'PERSONAL PROFESIONAL Y TÉCNICO',0,4239.82,NULL,NULL,NULL,NULL,0,NULL,'0000-00-00 00:00:00','0000-00-00 00:00:00'),(743,'403','A',NULL,'PERSONAL PROFESIONAL Y TÉCNICO',0,4239.82,NULL,NULL,NULL,NULL,0,NULL,'0000-00-00 00:00:00','0000-00-00 00:00:00'),(744,'4017','A',NULL,'PERSONAL PROFESIONAL CAT. 17',0,4239.82,NULL,NULL,NULL,NULL,0,NULL,'0000-00-00 00:00:00','0000-00-00 00:00:00'),(745,'4015','A',NULL,'PERSONAL PROFESIONAL CAT. 15',0,4239.82,NULL,NULL,NULL,NULL,0,NULL,'0000-00-00 00:00:00','0000-00-00 00:00:00'),(746,'4011','A',NULL,'ABOGADO \"C\"',0,4239.82,NULL,NULL,NULL,NULL,0,NULL,'0000-00-00 00:00:00','0000-00-00 00:00:00'),(747,'401','A',NULL,'ARQUITECTO \"A\"',0,4239.82,NULL,NULL,NULL,NULL,0,NULL,'0000-00-00 00:00:00','0000-00-00 00:00:00'),(748,'403','A',NULL,'AUDITOR DE PRESTACIONES MÉDICAS',0,4239.82,NULL,NULL,NULL,NULL,0,NULL,'0000-00-00 00:00:00','0000-00-00 00:00:00'),(749,'4017','A',NULL,'CONTADOR \"A\"',0,4239.82,NULL,NULL,NULL,NULL,0,NULL,'0000-00-00 00:00:00','0000-00-00 00:00:00'),(750,'4015','A',NULL,'CONTADOR \"B\"',0,4239.82,NULL,NULL,NULL,NULL,0,NULL,'0000-00-00 00:00:00','0000-00-00 00:00:00'),(751,'402','A',NULL,'INGENIERO FORESTAL \"B\"',0,4239.82,NULL,NULL,NULL,NULL,0,NULL,'0000-00-00 00:00:00','0000-00-00 00:00:00'),(752,'403','A',NULL,'INVESTIGADOR CIENTÍFICO \"C',0,4239.82,NULL,NULL,NULL,NULL,0,NULL,'0000-00-00 00:00:00','0000-00-00 00:00:00'),(753,'4017','A',NULL,'TECNOLOGO CLASE \"A\"',0,4239.82,NULL,NULL,NULL,NULL,0,NULL,'0000-00-00 00:00:00','0000-00-00 00:00:00'),(754,'5012','A',NULL,'JEFE DE DIVISIÓN',0,4239.82,NULL,NULL,NULL,NULL,0,NULL,'0000-00-00 00:00:00','0000-00-00 00:00:00'),(755,'5016','A',NULL,'JEFE DE DEPARTAMENTO',0,4239.82,NULL,NULL,NULL,NULL,0,NULL,'0000-00-00 00:00:00','0000-00-00 00:00:00'),(756,'5018','A',NULL,'DIRECTOR ADMINISTRATIVO',0,4239.82,NULL,NULL,NULL,NULL,0,NULL,'0000-00-00 00:00:00','0000-00-00 00:00:00'),(757,'703','A',NULL,'MINISTRO',0,4239.82,NULL,NULL,NULL,NULL,0,NULL,'0000-00-00 00:00:00','0000-00-00 00:00:00'),(758,'705','A',NULL,'SUBSECRETARIO',0,4239.82,NULL,NULL,NULL,NULL,0,NULL,'0000-00-00 00:00:00','0000-00-00 00:00:00'),(759,'705','A',NULL,'SUBSECRETARIO',0,4239.82,NULL,NULL,NULL,NULL,0,NULL,'0000-00-00 00:00:00','0000-00-00 00:00:00'),(760,'705','A',NULL,'',0,4239.82,NULL,NULL,NULL,NULL,0,NULL,'0000-00-00 00:00:00','0000-00-00 00:00:00'),(761,'804','A',NULL,'DIRECTOR GENERAL',0,4239.82,NULL,NULL,NULL,NULL,0,NULL,'0000-00-00 00:00:00','0000-00-00 00:00:00'),(762,'804','A',NULL,'SECRETARIO GENERAL',0,4239.82,NULL,NULL,NULL,NULL,0,NULL,'0000-00-00 00:00:00','0000-00-00 00:00:00'),(763,'809','A',NULL,'SECRETARIO DE MINISTRO',0,4239.82,NULL,NULL,NULL,NULL,0,NULL,'0000-00-00 00:00:00','0000-00-00 00:00:00'),(764,'8013','A',NULL,'',0,4239.82,NULL,NULL,NULL,NULL,0,NULL,'0000-00-00 00:00:00','0000-00-00 00:00:00');
/*!40000 ALTER TABLE `cargos` ENABLE KEYS */;
UNLOCK TABLES;

--
-- Table structure for table `agente_cargos`
--

DROP TABLE IF EXISTS `agente_cargos`;
/*!40101 SET @saved_cs_client     = @@character_set_client */;
/*!40101 SET character_set_client = utf8 */;
CREATE TABLE `agente_cargos` (
  `id` int(11) NOT NULL AUTO_INCREMENT,
  `agente_id` int(11) DEFAULT NULL,
  `cargo_id` int(11) DEFAULT NULL,
  `tipo_cargo` varchar(255) COLLATE utf8_unicode_ci DEFAULT NULL,
  `tipo_horas` varchar(255) COLLATE utf8_unicode_ci DEFAULT NULL,
  `descripcion` varchar(255) COLLATE utf8_unicode_ci DEFAULT NULL,
  `establecimiento_id` int(11) DEFAULT NULL,
  `estado` varchar(255) COLLATE utf8_unicode_ci DEFAULT NULL,
  `fecha_creacion` date DEFAULT NULL,
  `cant_horas` int(11) DEFAULT NULL,
  `secuencia` varchar(255) COLLATE utf8_unicode_ci DEFAULT NULL,
  `created_at` datetime NOT NULL,
  `updated_at` datetime NOT NULL,
  PRIMARY KEY (`id`)
) ENGINE=InnoDB AUTO_INCREMENT=3 DEFAULT CHARSET=utf8 COLLATE=utf8_unicode_ci;
/*!40101 SET character_set_client = @saved_cs_client */;

--
-- Dumping data for table `agente_cargos`
--

LOCK TABLES `agente_cargos` WRITE;
/*!40000 ALTER TABLE `agente_cargos` DISABLE KEYS */;
INSERT INTO `agente_cargos` VALUES (1,3,279,'H','M','',1057,'ALT','2014-07-06',20,'001','2014-07-07 00:23:57','2014-07-07 13:03:24'),(2,5,669,'A','','',1298,'ALT','2014-07-01',NULL,'','2014-07-07 00:28:26','2014-07-07 13:03:44');
/*!40000 ALTER TABLE `agente_cargos` ENABLE KEYS */;
UNLOCK TABLES;

--
-- Dumping events for database 'liq'
--

--
-- Dumping routines for database 'liq'
--
/*!40103 SET TIME_ZONE=@OLD_TIME_ZONE */;

/*!40101 SET SQL_MODE=@OLD_SQL_MODE */;
/*!40014 SET FOREIGN_KEY_CHECKS=@OLD_FOREIGN_KEY_CHECKS */;
/*!40014 SET UNIQUE_CHECKS=@OLD_UNIQUE_CHECKS */;
/*!40101 SET CHARACTER_SET_CLIENT=@OLD_CHARACTER_SET_CLIENT */;
/*!40101 SET CHARACTER_SET_RESULTS=@OLD_CHARACTER_SET_RESULTS */;
/*!40101 SET COLLATION_CONNECTION=@OLD_COLLATION_CONNECTION */;
/*!40111 SET SQL_NOTES=@OLD_SQL_NOTES */;

-- Dump completed on 2014-07-07 10:07:22
